{
  "episodes": 100,
  "seed_base": 456,
  "success_count": 37,
  "crash_count": 0,
  "oob_touch_count": 0,
  "oob_touch_rate": 0.0,
  "oob_touch_episode_count": 0,
  "oob_touch_episode_rate": 0.0,
  "success_rate_mean": 0.3700000047683716,
  "success_rate_std": 0.4828042984008789,
  "steps_mean": 1684.6500244140625,
  "steps_std": 950.8673706054688,
  "mean_steps_success": 466.6216125488281,
  "std_steps_success": 297.88482666015625,
  "crash_rate_mean": 0.0,
  "crash_rate_std": 0.0,
  "yaw_rate_abs_mean": 0.2060004323720932,
  "yaw_rate_abs_p95": 0.5565030574798584,
  "dv_xy_mean": 0.232929065823555,
  "coverage_mean": 0.795551061630249,
  "coverage_min": 0.44999998807907104,
  "overlap_mean": 23.902172088623047,
  "time_to_95_mean": 2023.1099853515625,
  "covered_cells_mean": 71.01000213623047,
  "total_cells_mean": 91.33000183105469
}