{
  "episodes": 100,
  "seed_base": 3,
  "cfg_overrides": {},
  "success_count": 78,
  "crash_count": 0,
  "oob_touch_count": 0,
  "oob_touch_rate": 0.0,
  "oob_touch_episode_count": 0,
  "oob_touch_episode_rate": 0.0,
  "success_rate_mean": 0.7799999713897705,
  "success_rate_std": 0.4142463207244873,
  "steps_mean": 950.8200073242188,
  "steps_std": 797.9769287109375,
  "mean_steps_success": 542.076904296875,
  "std_steps_success": 238.65261840820312,
  "crash_rate_mean": 0.0,
  "crash_rate_std": 0.0,
  "yaw_rate_abs_mean": 0.24640204012393951,
  "yaw_rate_abs_p95": 0.5978758931159973,
  "dv_xy_mean": 0.22087174654006958,
  "coverage_mean": 0.8877530694007874,
  "coverage_min": 0.6800000071525574,
  "coverage_ge_090_rate": 0.5,
  "coverage_ge_093_rate": 0.39,
  "coverage_ge_095_rate": 0.33,
  "overlap_mean": 12.400230407714844,
  "time_to_95_mean": 1770.8299560546875,
  "covered_cells_mean": 79.45999908447266,
  "total_cells_mean": 90.30999755859375,
  "coverage_episode": [
    0.8600000143051147,
    1.0,
    0.8299999833106995,
    0.7599999904632568,
    0.9100000262260437,
    0.6899999976158142,
    0.949999988079071,
    1.0,
    1.0,
    1.0,
    0.8199999928474426,
    0.9300000071525574,
    0.8367347121238708,
    0.9800000190734863,
    0.8799999952316284,
    0.918367326259613,
    0.795918345451355,
    0.9200000166893005,
    1.0,
    0.8700000047683716,
    1.0,
    0.9300000071525574,
    0.8100000023841858,
    0.75,
    0.7200000286102295,
    0.9591836929321289,
    0.8399999737739563,
    0.949999988079071,
    0.9700000286102295,
    1.0,
    0.9399999976158142,
    0.9200000166893005,
    0.8600000143051147,
    0.699999988079071,
    0.8700000047683716,
    0.7200000286102295,
    0.9599999785423279,
    1.0,
    0.7300000190734863,
    0.8799999952316284,
    0.9399999976158142,
    0.8600000143051147,
    0.949999988079071,
    0.7699999809265137,
    1.0,
    0.9300000071525574,
    0.9700000286102295,
    0.8500000238418579,
    0.9599999785423279,
    1.0,
    0.8799999952316284,
    0.8299999833106995,
    0.9100000262260437,
    0.9100000262260437,
    0.8899999856948853,
    0.9795918464660645,
    0.8700000047683716,
    0.7400000095367432,
    0.9100000262260437,
    0.949999988079071,
    0.8500000238418579,
    0.6899999976158142,
    0.6800000071525574,
    0.9200000166893005,
    0.949999988079071,
    0.75,
    0.8100000023841858,
    0.949999988079071,
    0.8500000238418579,
    1.0,
    0.8799999952316284,
    0.9200000166893005,
    0.7400000095367432,
    0.8600000143051147,
    0.8999999761581421,
    0.8700000047683716,
    1.0,
    0.949999988079071,
    0.8899999856948853,
    0.8899999856948853,
    0.8799999952316284,
    0.8500000238418579,
    0.7300000190734863,
    0.8199999928474426,
    0.8899999856948853,
    0.9800000190734863,
    0.7755101919174194,
    0.9900000095367432,
    0.7400000095367432,
    0.8799999952316284,
    0.949999988079071,
    1.0,
    0.8999999761581421,
    0.9399999976158142,
    0.8899999856948853,
    0.8600000143051147,
    0.9800000190734863,
    1.0,
    0.8399999737739563,
    0.9700000286102295
  ]
}