{
  "episodes": 100,
  "seed_base": 456,
  "success_count": 29,
  "crash_count": 0,
  "oob_touch_count": 0,
  "oob_touch_rate": 0.0,
  "oob_touch_episode_count": 0,
  "oob_touch_episode_rate": 0.0,
  "success_rate_mean": 0.28999999165534973,
  "success_rate_std": 0.45376211404800415,
  "steps_mean": 1827.4200439453125,
  "steps_std": 901.05322265625,
  "mean_steps_success": 425.5862121582031,
  "std_steps_success": 178.44993591308594,
  "crash_rate_mean": 0.0,
  "crash_rate_std": 0.0,
  "yaw_rate_abs_mean": 0.17922112345695496,
  "yaw_rate_abs_p95": 0.49481916427612305,
  "dv_xy_mean": 0.24054941534996033,
  "coverage_mean": 0.8009468913078308,
  "coverage_min": 0.6499999761581421,
  "overlap_mean": 25.73371124267578,
  "time_to_95_mean": 1786.199951171875,
  "covered_cells_mean": 71.55999755859375,
  "total_cells_mean": 91.33000183105469
}