{
  "episodes": 100,
  "seed_base": 456,
  "cfg_overrides": {
    "scan_cov_late_thresh": 0.85,
    "scan_k_cov_gain_late": 0.01,
    "scan_k_cov_stall": 0.0,
    "scan_oob_grace_steps": 3,
    "scan_k_cov_gain": 0.013,
    "scan_debug_oob": false
  },
  "success_count": 56,
  "crash_count": 0,
  "oob_touch_count": 0,
  "oob_touch_rate": 0.0,
  "oob_touch_episode_count": 0,
  "oob_touch_episode_rate": 0.0,
  "success_rate_mean": 0.5600000023841858,
  "success_rate_std": 0.49638694524765015,
  "steps_mean": 1415.760009765625,
  "steps_std": 925.5095825195312,
  "mean_steps_success": 642.4285888671875,
  "std_steps_success": 412.796142578125,
  "crash_rate_mean": 0.0,
  "crash_rate_std": 0.0,
  "yaw_rate_abs_mean": 0.21072065830230713,
  "yaw_rate_abs_p95": 0.5850985050201416,
  "dv_xy_mean": 0.2299266904592514,
  "coverage_mean": 0.8357979655265808,
  "coverage_min": 0.6700000166893005,
  "overlap_mean": 18.752714157104492,
  "time_to_95_mean": 2132.93994140625,
  "covered_cells_mean": 75.16999816894531,
  "total_cells_mean": 91.33000183105469
}