{
  "episodes": 100,
  "seed_base": 456,
  "success_count": 10,
  "crash_count": 0,
  "oob_touch_count": 0,
  "oob_touch_rate": 0.0,
  "oob_touch_episode_count": 0,
  "oob_touch_episode_rate": 0.0,
  "success_rate_mean": 0.10000000149011612,
  "success_rate_std": 0.30000001192092896,
  "steps_mean": 2206.669921875,
  "steps_std": 591.2611083984375,
  "mean_steps_success": 466.70001220703125,
  "std_steps_success": 363.33544921875,
  "crash_rate_mean": 0.0,
  "crash_rate_std": 0.0,
  "yaw_rate_abs_mean": 0.1846129447221756,
  "yaw_rate_abs_p95": 0.45526745915412903,
  "dv_xy_mean": 0.2401473969221115,
  "coverage_mean": 0.7207366824150085,
  "coverage_min": 0.44999998807907104,
  "overlap_mean": 35.0291862487793,
  "time_to_95_mean": 2262.110107421875,
  "covered_cells_mean": 64.83999633789062,
  "total_cells_mean": 91.33000183105469
}