{
  "episodes": 100,
  "seed_base": 3,
  "cfg_overrides": {},
  "success_count": 61,
  "crash_count": 0,
  "oob_touch_count": 0,
  "oob_touch_rate": 0.0,
  "oob_touch_episode_count": 0,
  "oob_touch_episode_rate": 0.0,
  "success_rate_mean": 0.6100000143051147,
  "success_rate_std": 0.48774996399879456,
  "steps_mean": 1460.0699462890625,
  "steps_std": 848.8408813476562,
  "mean_steps_success": 859.1311645507812,
  "std_steps_success": 505.2031555175781,
  "crash_rate_mean": 0.0,
  "crash_rate_std": 0.0,
  "yaw_rate_abs_mean": 0.21071608364582062,
  "yaw_rate_abs_p95": 0.5884976387023926,
  "dv_xy_mean": 0.23027931153774261,
  "coverage_mean": 0.8454040288925171,
  "coverage_min": 0.6600000262260437,
  "coverage_ge_090_rate": 0.31,
  "coverage_ge_093_rate": 0.22,
  "coverage_ge_095_rate": 0.14,
  "overlap_mean": 20.168182373046875,
  "time_to_95_mean": 2131.669921875,
  "covered_cells_mean": 75.3499984741211,
  "total_cells_mean": 90.30999755859375,
  "coverage_episode": [
    0.7900000214576721,
    1.0,
    0.800000011920929,
    0.75,
    0.8799999952316284,
    0.7200000286102295,
    0.6600000262260437,
    1.0,
    1.0,
    1.0,
    0.7400000095367432,
    0.7599999904632568,
    0.8979591727256775,
    0.8600000143051147,
    0.8600000143051147,
    0.8571428656578064,
    0.9591836929321289,
    0.8999999761581421,
    0.8979591727256775,
    0.8999999761581421,
    0.9591836929321289,
    0.9300000071525574,
    0.800000011920929,
    0.9300000071525574,
    0.75,
    0.8775510191917419,
    0.8299999833106995,
    0.7400000095367432,
    0.949999988079071,
    0.7599999904632568,
    0.7900000214576721,
    0.8799999952316284,
    0.8299999833106995,
    0.6800000071525574,
    0.8500000238418579,
    0.7400000095367432,
    0.9300000071525574,
    1.0,
    0.75,
    0.8299999833106995,
    0.8999999761581421,
    0.8600000143051147,
    0.9200000166893005,
    0.75,
    0.9387755393981934,
    0.7799999713897705,
    0.9399999976158142,
    0.8600000143051147,
    0.7599999904632568,
    1.0,
    0.8500000238418579,
    0.8500000238418579,
    0.8999999761581421,
    0.8899999856948853,
    0.8799999952316284,
    1.0,
    0.8500000238418579,
    0.7599999904632568,
    0.9100000262260437,
    0.7599999904632568,
    0.7900000214576721,
    0.7200000286102295,
    0.7099999785423279,
    0.800000011920929,
    0.6700000166893005,
    0.6800000071525574,
    0.8799999952316284,
    0.7599999904632568,
    0.8700000047683716,
    0.9387755393981934,
    0.8700000047683716,
    0.9300000071525574,
    0.7400000095367432,
    0.800000011920929,
    0.8100000023841858,
    0.8700000047683716,
    1.0,
    0.9800000190734863,
    0.8799999952316284,
    0.9100000262260437,
    0.800000011920929,
    0.8500000238418579,
    0.7200000286102295,
    0.75,
    0.9200000166893005,
    0.6700000166893005,
    0.7755101919174194,
    0.75,
    0.75,
    0.8199999928474426,
    0.7900000214576721,
    1.0,
    0.8799999952316284,
    0.9399999976158142,
    0.8700000047683716,
    0.8299999833106995,
    0.6800000071525574,
    0.918367326259613,
    0.8500000238418579,
    0.9700000286102295
  ]
}