{
  "episodes": 100,
  "seed_base": 1,
  "cfg_overrides": {},
  "success_count": 61,
  "crash_count": 0,
  "oob_touch_count": 0,
  "oob_touch_rate": 0.0,
  "oob_touch_episode_count": 0,
  "oob_touch_episode_rate": 0.0,
  "success_rate_mean": 0.6100000143051147,
  "success_rate_std": 0.48774996399879456,
  "steps_mean": 1459.5899658203125,
  "steps_std": 849.6197509765625,
  "mean_steps_success": 858.34423828125,
  "std_steps_success": 506.4118957519531,
  "crash_rate_mean": 0.0,
  "crash_rate_std": 0.0,
  "yaw_rate_abs_mean": 0.21023520827293396,
  "yaw_rate_abs_p95": 0.5880964994430542,
  "dv_xy_mean": 0.23049326241016388,
  "coverage_mean": 0.8458041548728943,
  "coverage_min": 0.6600000262260437,
  "coverage_ge_090_rate": 0.31,
  "coverage_ge_093_rate": 0.22,
  "coverage_ge_095_rate": 0.14,
  "overlap_mean": 20.205175399780273,
  "time_to_95_mean": 2130.39990234375,
  "covered_cells_mean": 74.87999725341797,
  "total_cells_mean": 89.80000305175781,
  "coverage_episode": [
    0.8600000143051147,
    1.0,
    0.7900000214576721,
    1.0,
    0.800000011920929,
    0.75,
    0.8799999952316284,
    0.7200000286102295,
    0.6600000262260437,
    1.0,
    1.0,
    1.0,
    0.7400000095367432,
    0.7599999904632568,
    0.8979591727256775,
    0.8600000143051147,
    0.8600000143051147,
    0.8571428656578064,
    0.9591836929321289,
    0.8999999761581421,
    0.8979591727256775,
    0.8999999761581421,
    0.9591836929321289,
    0.9300000071525574,
    0.800000011920929,
    0.9300000071525574,
    0.75,
    0.8775510191917419,
    0.8299999833106995,
    0.7400000095367432,
    0.949999988079071,
    0.7599999904632568,
    0.7900000214576721,
    0.8799999952316284,
    0.8299999833106995,
    0.6800000071525574,
    0.8500000238418579,
    0.7400000095367432,
    0.9300000071525574,
    1.0,
    0.75,
    0.8299999833106995,
    0.8999999761581421,
    0.8600000143051147,
    0.9200000166893005,
    0.75,
    0.9387755393981934,
    0.7799999713897705,
    0.9399999976158142,
    0.8600000143051147,
    0.7599999904632568,
    1.0,
    0.8500000238418579,
    0.8500000238418579,
    0.8999999761581421,
    0.8899999856948853,
    0.8799999952316284,
    1.0,
    0.8500000238418579,
    0.7599999904632568,
    0.9100000262260437,
    0.7599999904632568,
    0.7900000214576721,
    0.7200000286102295,
    0.7099999785423279,
    0.800000011920929,
    0.6700000166893005,
    0.6800000071525574,
    0.8799999952316284,
    0.7599999904632568,
    0.8700000047683716,
    0.9387755393981934,
    0.8700000047683716,
    0.9300000071525574,
    0.7400000095367432,
    0.800000011920929,
    0.8100000023841858,
    0.8700000047683716,
    1.0,
    0.9800000190734863,
    0.8799999952316284,
    0.9100000262260437,
    0.800000011920929,
    0.8500000238418579,
    0.7200000286102295,
    0.75,
    0.9200000166893005,
    0.6700000166893005,
    0.7755101919174194,
    0.75,
    0.75,
    0.8199999928474426,
    0.7900000214576721,
    1.0,
    0.8799999952316284,
    0.9399999976158142,
    0.8700000047683716,
    0.8299999833106995,
    0.6800000071525574,
    0.918367326259613
  ]
}