{
  "episodes": 100,
  "seed_base": 456,
  "cfg_overrides": {},
  "success_count": 55,
  "crash_count": 0,
  "oob_touch_count": 0,
  "oob_touch_rate": 0.0,
  "oob_touch_episode_count": 0,
  "oob_touch_episode_rate": 0.0,
  "success_rate_mean": 0.550000011920929,
  "success_rate_std": 0.4974936842918396,
  "steps_mean": 1508.780029296875,
  "steps_std": 869.9711303710938,
  "mean_steps_success": 779.5999755859375,
  "std_steps_success": 441.0525207519531,
  "crash_rate_mean": 0.0,
  "crash_rate_std": 0.0,
  "yaw_rate_abs_mean": 0.20856164395809174,
  "yaw_rate_abs_p95": 0.5857456922531128,
  "dv_xy_mean": 0.2313947081565857,
  "coverage_mean": 0.8440510630607605,
  "coverage_min": 0.6600000262260437,
  "coverage_ge_090_rate": 0.28,
  "coverage_ge_093_rate": 0.24,
  "coverage_ge_095_rate": 0.19,
  "overlap_mean": 20.030794143676758,
  "time_to_95_mean": 2023.6199951171875,
  "covered_cells_mean": 75.86000061035156,
  "total_cells_mean": 91.33000183105469,
  "coverage_episode": [
    0.75,
    0.8600000143051147,
    1.0,
    0.8500000238418579,
    0.9300000071525574,
    0.7400000095367432,
    0.8500000238418579,
    0.7599999904632568,
    1.0,
    0.8199999928474426,
    0.8399999737739563,
    0.699999988079071,
    1.0,
    0.6600000262260437,
    0.8600000143051147,
    0.7599999904632568,
    1.0,
    0.8399999737739563,
    0.8899999856948853,
    0.8399999737739563,
    0.9591836929321289,
    0.75,
    0.9700000286102295,
    0.800000011920929,
    0.9700000286102295,
    0.8999999761581421,
    0.8100000023841858,
    0.7599999904632568,
    0.9100000262260437,
    0.7599999904632568,
    0.7400000095367432,
    0.8700000047683716,
    0.8899999856948853,
    0.8700000047683716,
    1.0,
    1.0,
    0.7599999904632568,
    0.8500000238418579,
    0.8899999856948853,
    0.8899999856948853,
    0.7599999904632568,
    0.9599999785423279,
    0.800000011920929,
    1.0,
    0.8899999856948853,
    0.7400000095367432,
    0.7799999713897705,
    0.8299999833106995,
    0.6800000071525574,
    0.7599999904632568,
    0.9300000071525574,
    0.8299999833106995,
    1.0,
    0.7200000286102295,
    0.8399999737739563,
    0.9100000262260437,
    0.8399999737739563,
    0.7099999785423279,
    0.7599999904632568,
    0.949999988079071,
    0.7599999904632568,
    0.9795918464660645,
    0.8600000143051147,
    0.8399999737739563,
    0.75,
    0.9795918464660645,
    0.9591836929321289,
    0.6800000071525574,
    0.6800000071525574,
    1.0,
    0.8899999856948853,
    0.8700000047683716,
    0.9387755393981934,
    0.7599999904632568,
    0.8999999761581421,
    0.8799999952316284,
    0.7599999904632568,
    0.8500000238418579,
    0.8700000047683716,
    0.8799999952316284,
    0.8600000143051147,
    0.7599999904632568,
    1.0,
    0.8299999833106995,
    0.7099999785423279,
    0.7200000286102295,
    1.0,
    0.6800000071525574,
    0.8899999856948853,
    0.7400000095367432,
    0.7900000214576721,
    0.9300000071525574,
    0.8799999952316284,
    0.6700000166893005,
    0.7200000286102295,
    0.9387755393981934,
    0.75,
    0.8600000143051147,
    0.7599999904632568,
    0.8399999737739563
  ]
}