{
  "episodes": 100,
  "seed_base": 456,
  "cfg_overrides": {
    "scan_k_yawrate_pen": 0.0,
    "scan_k_slip_pen": 0.002
  },
  "success_count": 62,
  "crash_count": 0,
  "oob_touch_count": 0,
  "oob_touch_rate": 0.0,
  "oob_touch_episode_count": 0,
  "oob_touch_episode_rate": 0.0,
  "success_rate_mean": 0.6200000047683716,
  "success_rate_std": 0.4853864312171936,
  "steps_mean": 1225.1400146484375,
  "steps_std": 931.1228637695312,
  "mean_steps_success": 505.06451416015625,
  "std_steps_success": 184.04872131347656,
  "crash_rate_mean": 0.0,
  "crash_rate_std": 0.0,
  "yaw_rate_abs_mean": 0.22430330514907837,
  "yaw_rate_abs_p95": 0.5913944244384766,
  "dv_xy_mean": 0.22958748042583466,
  "coverage_mean": 0.8406713008880615,
  "coverage_min": 0.6399999856948853,
  "coverage_ge_090_rate": 0.37,
  "coverage_ge_093_rate": 0.28,
  "coverage_ge_095_rate": 0.21,
  "overlap_mean": 16.345178604125977,
  "time_to_95_mean": 1973.6600341796875,
  "covered_cells_mean": 75.47000122070312,
  "total_cells_mean": 91.33000183105469,
  "coverage_episode": [
    0.7300000190734863,
    0.8999999761581421,
    1.0,
    0.8500000238418579,
    0.7200000286102295,
    0.7200000286102295,
    0.8799999952316284,
    0.6600000262260437,
    1.0,
    0.8600000143051147,
    0.8500000238418579,
    0.9399999976158142,
    1.0,
    0.7099999785423279,
    0.8299999833106995,
    0.7099999785423279,
    1.0,
    0.8500000238418579,
    0.8700000047683716,
    0.8600000143051147,
    1.0,
    0.7099999785423279,
    0.6800000071525574,
    0.8500000238418579,
    0.7099999785423279,
    0.9100000262260437,
    0.7400000095367432,
    0.7300000190734863,
    0.9399999976158142,
    1.0,
    0.9700000286102295,
    0.8799999952316284,
    0.9399999976158142,
    0.8299999833106995,
    1.0,
    1.0,
    1.0,
    0.8899999856948853,
    0.8100000023841858,
    0.8700000047683716,
    0.6399999856948853,
    0.7200000286102295,
    0.8600000143051147,
    1.0,
    0.8899999856948853,
    0.6899999976158142,
    0.7599999904632568,
    0.7200000286102295,
    0.7200000286102295,
    0.6700000166893005,
    0.8899999856948853,
    0.8399999737739563,
    1.0,
    0.6700000166893005,
    0.8399999737739563,
    0.9800000190734863,
    0.8399999737739563,
    0.8700000047683716,
    0.7099999785423279,
    0.6899999976158142,
    0.9700000286102295,
    0.9795918464660645,
    0.7200000286102295,
    0.8500000238418579,
    0.6899999976158142,
    0.9387755393981934,
    1.0,
    0.699999988079071,
    0.7099999785423279,
    1.0,
    0.9200000166893005,
    0.8999999761581421,
    0.9387755393981934,
    0.6899999976158142,
    0.9100000262260437,
    0.8899999856948853,
    0.7300000190734863,
    0.9100000262260437,
    0.8899999856948853,
    0.9300000071525574,
    0.8299999833106995,
    0.6700000166893005,
    1.0,
    0.7699999809265137,
    0.6499999761581421,
    0.7300000190734863,
    1.0,
    0.6499999761581421,
    0.9100000262260437,
    0.699999988079071,
    0.949999988079071,
    0.699999988079071,
    0.8999999761581421,
    0.9100000262260437,
    0.699999988079071,
    1.0,
    0.9399999976158142,
    0.8399999737739563,
    0.699999988079071,
    0.8500000238418579
  ]
}