{
  "episodes": 100,
  "seed_base": 3,
  "success_count": 64,
  "crash_count": 0,
  "oob_touch_count": 0,
  "oob_touch_rate": 0.0,
  "oob_touch_episode_count": 0,
  "oob_touch_episode_rate": 0.0,
  "success_rate_mean": 0.6399999856948853,
  "success_rate_std": 0.4800000488758087,
  "steps_mean": 1385.1500244140625,
  "steps_std": 853.9443359375,
  "mean_steps_success": 814.296875,
  "std_steps_success": 483.9463195800781,
  "crash_rate_mean": 0.0,
  "crash_rate_std": 0.0,
  "yaw_rate_abs_mean": 0.21848466992378235,
  "yaw_rate_abs_p95": 0.5830106139183044,
  "dv_xy_mean": 0.2309935837984085,
  "coverage_mean": 0.8761060833930969,
  "coverage_min": 0.6122449040412903,
  "overlap_mean": 19.214122772216797,
  "time_to_95_mean": 1804.530029296875,
  "covered_cells_mean": 78.66999816894531,
  "total_cells_mean": 90.30999755859375
}