{
  "episodes": 100,
  "seed_base": 2,
  "success_count": 64,
  "crash_count": 0,
  "oob_touch_count": 0,
  "oob_touch_rate": 0.0,
  "oob_touch_episode_count": 0,
  "oob_touch_episode_rate": 0.0,
  "success_rate_mean": 0.6399999856948853,
  "success_rate_std": 0.4800000488758087,
  "steps_mean": 1384.77001953125,
  "steps_std": 854.279296875,
  "mean_steps_success": 813.703125,
  "std_steps_success": 484.1695556640625,
  "crash_rate_mean": 0.0,
  "crash_rate_std": 0.0,
  "yaw_rate_abs_mean": 0.21819326281547546,
  "yaw_rate_abs_p95": 0.582507312297821,
  "dv_xy_mean": 0.23109450936317444,
  "coverage_mean": 0.8761060833930969,
  "coverage_min": 0.6122449040412903,
  "overlap_mean": 19.27425765991211,
  "time_to_95_mean": 1802.9100341796875,
  "covered_cells_mean": 78.16000366210938,
  "total_cells_mean": 89.80000305175781
}