{
  "episodes": 100,
  "seed_base": 1,
  "success_count": 63,
  "crash_count": 0,
  "oob_touch_count": 0,
  "oob_touch_rate": 0.0,
  "oob_touch_episode_count": 0,
  "oob_touch_episode_rate": 0.0,
  "success_rate_mean": 0.6299999952316284,
  "success_rate_std": 0.4828042984008789,
  "steps_mean": 1399.8299560546875,
  "steps_std": 858.757568359375,
  "mean_steps_success": 812.4285888671875,
  "std_steps_success": 487.8904724121094,
  "crash_rate_mean": 0.0,
  "crash_rate_std": 0.0,
  "yaw_rate_abs_mean": 0.2176363319158554,
  "yaw_rate_abs_p95": 0.580994188785553,
  "dv_xy_mean": 0.23119287192821503,
  "coverage_mean": 0.874206006526947,
  "coverage_min": 0.6122449040412903,
  "overlap_mean": 19.504392623901367,
  "time_to_95_mean": 1802.9100341796875,
  "covered_cells_mean": 77.97000122070312,
  "total_cells_mean": 89.80000305175781
}