{
  "episodes": 100,
  "seed_base": 456,
  "success_count": 56,
  "crash_count": 0,
  "oob_touch_count": 0,
  "oob_touch_rate": 0.0,
  "oob_touch_episode_count": 0,
  "oob_touch_episode_rate": 0.0,
  "success_rate_mean": 0.5600000023841858,
  "success_rate_std": 0.49638694524765015,
  "steps_mean": 1475.81005859375,
  "steps_std": 873.7112426757812,
  "mean_steps_success": 749.6607055664062,
  "std_steps_success": 405.919189453125,
  "crash_rate_mean": 0.0,
  "crash_rate_std": 0.0,
  "yaw_rate_abs_mean": 0.21023371815681458,
  "yaw_rate_abs_p95": 0.5743500590324402,
  "dv_xy_mean": 0.23313434422016144,
  "coverage_mean": 0.8494468927383423,
  "coverage_min": 0.6600000262260437,
  "overlap_mean": 19.87360382080078,
  "time_to_95_mean": 1891.199951171875,
  "covered_cells_mean": 76.41000366210938,
  "total_cells_mean": 91.33000183105469
}