{
  "episodes": 100,
  "seed_base": 456,
  "cfg_overrides": {},
  "success_count": 68,
  "crash_count": 0,
  "oob_touch_count": 0,
  "oob_touch_rate": 0.0,
  "oob_touch_episode_count": 0,
  "oob_touch_episode_rate": 0.0,
  "success_rate_mean": 0.6800000071525574,
  "success_rate_std": 0.4664761424064636,
  "steps_mean": 1272.4100341796875,
  "steps_std": 882.5432739257812,
  "mean_steps_success": 741.7794189453125,
  "std_steps_success": 515.2796630859375,
  "crash_rate_mean": 0.0,
  "crash_rate_std": 0.0,
  "yaw_rate_abs_mean": 0.22461773455142975,
  "yaw_rate_abs_p95": 0.5938417315483093,
  "dv_xy_mean": 0.2241491973400116,
  "coverage_mean": 0.8632142543792725,
  "coverage_min": 0.6800000071525574,
  "coverage_ge_090_rate": 0.38,
  "coverage_ge_093_rate": 0.31,
  "coverage_ge_095_rate": 0.24,
  "overlap_mean": 16.79688835144043,
  "time_to_95_mean": 1988.4200439453125,
  "covered_cells_mean": 77.87000274658203,
  "total_cells_mean": 91.33000183105469,
  "coverage_episode": [
    0.7200000286102295,
    0.8199999928474426,
    0.9387755393981934,
    0.8600000143051147,
    0.9800000190734863,
    0.7400000095367432,
    0.8299999833106995,
    0.7200000286102295,
    1.0,
    0.8199999928474426,
    0.8500000238418579,
    0.6800000071525574,
    1.0,
    0.9300000071525574,
    0.8299999833106995,
    0.7599999904632568,
    1.0,
    0.8899999856948853,
    0.8600000143051147,
    0.8600000143051147,
    1.0,
    0.7300000190734863,
    0.9700000286102295,
    0.8899999856948853,
    0.9599999785423279,
    0.8799999952316284,
    0.8899999856948853,
    0.7400000095367432,
    0.8999999761581421,
    0.7300000190734863,
    0.9599999785423279,
    0.8700000047683716,
    0.8600000143051147,
    0.8500000238418579,
    1.0,
    1.0,
    0.7300000190734863,
    0.8299999833106995,
    0.8100000023841858,
    0.8799999952316284,
    0.7599999904632568,
    0.9599999785423279,
    0.8299999833106995,
    0.918367326259613,
    0.8100000023841858,
    0.699999988079071,
    0.9599999785423279,
    0.7200000286102295,
    0.7699999809265137,
    0.7300000190734863,
    0.9300000071525574,
    0.8500000238418579,
    1.0,
    0.6899999976158142,
    0.8100000023841858,
    0.9399999976158142,
    0.8700000047683716,
    0.8399999737739563,
    0.7099999785423279,
    0.949999988079071,
    0.9700000286102295,
    0.918367326259613,
    0.8799999952316284,
    0.8799999952316284,
    0.949999988079071,
    0.8979591727256775,
    0.8979591727256775,
    0.949999988079071,
    0.9200000166893005,
    1.0,
    0.9399999976158142,
    0.8799999952316284,
    1.0,
    0.7599999904632568,
    0.8799999952316284,
    0.8700000047683716,
    0.9399999976158142,
    0.8600000143051147,
    0.8700000047683716,
    0.8600000143051147,
    0.8999999761581421,
    0.7099999785423279,
    1.0,
    0.7200000286102295,
    0.7400000095367432,
    0.6899999976158142,
    1.0,
    0.949999988079071,
    0.8999999761581421,
    0.6899999976158142,
    0.9300000071525574,
    0.7099999785423279,
    0.8100000023841858,
    0.949999988079071,
    0.7300000190734863,
    1.0,
    0.9200000166893005,
    0.8700000047683716,
    0.7799999713897705,
    0.8799999952316284
  ]
}