{
  "episodes": 100,
  "seed_base": 456,
  "success_count": 28,
  "crash_count": 0,
  "oob_touch_count": 0,
  "oob_touch_rate": 0.0,
  "oob_touch_episode_count": 0,
  "oob_touch_episode_rate": 0.0,
  "success_rate_mean": 0.2800000011920929,
  "success_rate_std": 0.44899889826774597,
  "steps_mean": 1888.0400390625,
  "steps_std": 872.2776489257812,
  "mean_steps_success": 571.5714111328125,
  "std_steps_success": 557.0620727539062,
  "crash_rate_mean": 0.0,
  "crash_rate_std": 0.0,
  "yaw_rate_abs_mean": 0.2050618678331375,
  "yaw_rate_abs_p95": 0.5370771288871765,
  "dv_xy_mean": 0.22950859367847443,
  "coverage_mean": 0.7969142198562622,
  "coverage_min": 0.6399999856948853,
  "overlap_mean": 27.127910614013672,
  "time_to_95_mean": 2036.8199462890625,
  "covered_cells_mean": 71.23999786376953,
  "total_cells_mean": 91.33000183105469
}