{
  "episodes": 100,
  "seed_base": 456,
  "cfg_overrides": {},
  "success_count": 67,
  "crash_count": 0,
  "oob_touch_count": 0,
  "oob_touch_rate": 0.0,
  "oob_touch_episode_count": 0,
  "oob_touch_episode_rate": 0.0,
  "success_rate_mean": 0.6700000166893005,
  "success_rate_std": 0.4702127277851105,
  "steps_mean": 1212.3199462890625,
  "steps_std": 877.95166015625,
  "mean_steps_success": 627.34326171875,
  "std_steps_success": 336.87322998046875,
  "crash_rate_mean": 0.0,
  "crash_rate_std": 0.0,
  "yaw_rate_abs_mean": 0.22809621691703796,
  "yaw_rate_abs_p95": 0.5921027660369873,
  "dv_xy_mean": 0.22476676106452942,
  "coverage_mean": 0.8606306314468384,
  "coverage_min": 0.6899999976158142,
  "coverage_ge_090_rate": 0.42,
  "coverage_ge_093_rate": 0.28,
  "coverage_ge_095_rate": 0.21,
  "overlap_mean": 16.073101043701172,
  "time_to_95_mean": 2003.4000244140625,
  "covered_cells_mean": 77.56999969482422,
  "total_cells_mean": 91.33000183105469,
  "coverage_episode": [
    0.7200000286102295,
    0.8600000143051147,
    0.9591836929321289,
    0.9100000262260437,
    0.9800000190734863,
    0.699999988079071,
    0.8700000047683716,
    0.7200000286102295,
    1.0,
    0.8799999952316284,
    0.8799999952316284,
    0.6899999976158142,
    1.0,
    0.949999988079071,
    0.8799999952316284,
    0.7200000286102295,
    1.0,
    0.8500000238418579,
    0.8899999856948853,
    0.8600000143051147,
    1.0,
    0.6899999976158142,
    0.9900000095367432,
    0.8999999761581421,
    0.7200000286102295,
    0.8899999856948853,
    0.8500000238418579,
    0.7300000190734863,
    0.8999999761581421,
    0.75,
    0.7200000286102295,
    0.9399999976158142,
    0.8999999761581421,
    0.8399999737739563,
    1.0,
    1.0,
    0.7400000095367432,
    0.8199999928474426,
    0.9100000262260437,
    0.8799999952316284,
    0.7200000286102295,
    1.0,
    0.8999999761581421,
    1.0,
    0.9100000262260437,
    0.7599999904632568,
    0.9200000166893005,
    0.7699999809265137,
    0.75,
    0.7300000190734863,
    0.9200000166893005,
    0.8500000238418579,
    1.0,
    0.699999988079071,
    0.8899999856948853,
    0.9700000286102295,
    0.8700000047683716,
    0.8600000143051147,
    0.7300000190734863,
    0.9200000166893005,
    0.9200000166893005,
    0.9387755393981934,
    0.8999999761581421,
    0.8600000143051147,
    0.9700000286102295,
    0.9387755393981934,
    0.9387755393981934,
    0.6899999976158142,
    0.9900000095367432,
    1.0,
    0.8799999952316284,
    0.9100000262260437,
    0.918367326259613,
    0.6899999976158142,
    0.8899999856948853,
    0.8799999952316284,
    0.7200000286102295,
    0.8600000143051147,
    0.8899999856948853,
    0.8100000023841858,
    0.8500000238418579,
    0.7099999785423279,
    1.0,
    0.7200000286102295,
    0.6899999976158142,
    0.7300000190734863,
    1.0,
    0.9900000095367432,
    0.8899999856948853,
    0.6899999976158142,
    0.9399999976158142,
    0.7200000286102295,
    0.8100000023841858,
    0.800000011920929,
    0.7099999785423279,
    0.9591836929321289,
    0.9399999976158142,
    0.8600000143051147,
    0.9300000071525574,
    0.8700000047683716
  ]
}