{
  "episodes": 100,
  "seed_base": 3,
  "cfg_overrides": {
    "scan_obs_aug_enable": true,
    "scan_obs_patch_size": 5,
    "scan_obs_boundary_feat": true
  },
  "success_count": 97,
  "crash_count": 0,
  "oob_touch_count": 0,
  "oob_touch_rate": 0.0,
  "oob_touch_episode_count": 0,
  "oob_touch_episode_rate": 0.0,
  "success_rate_mean": 0.9700000286102295,
  "success_rate_std": 0.1705871969461441,
  "steps_mean": 296.7300109863281,
  "steps_std": 380.6864929199219,
  "mean_steps_success": 231.680419921875,
  "std_steps_success": 91.41122436523438,
  "crash_rate_mean": 0.0,
  "crash_rate_std": 0.0,
  "yaw_rate_abs_mean": 0.3738156855106354,
  "yaw_rate_abs_p95": 0.5998324751853943,
  "dv_xy_mean": 0.18853093683719635,
  "coverage_mean": 0.9761938452720642,
  "coverage_min": 0.9200000166893005,
  "coverage_ge_090_rate": 1.0,
  "coverage_ge_093_rate": 0.97,
  "coverage_ge_095_rate": 0.87,
  "overlap_mean": 3.212869167327881,
  "time_to_95_mean": 443.69000244140625,
  "covered_cells_mean": 88.19999694824219,
  "total_cells_mean": 90.30999755859375,
  "coverage_episode": [
    1.0,
    0.9387755393981934,
    1.0,
    0.9200000166893005,
    0.9900000095367432,
    0.9599999785423279,
    0.9599999785423279,
    0.9795918464660645,
    0.9795918464660645,
    0.9795918464660645,
    0.9200000166893005,
    0.9599999785423279,
    0.9795918464660645,
    0.9800000190734863,
    1.0,
    0.9795918464660645,
    1.0,
    0.9900000095367432,
    0.9387755393981934,
    0.9900000095367432,
    0.9591836929321289,
    1.0,
    1.0,
    0.949999988079071,
    0.949999988079071,
    0.9795918464660645,
    1.0,
    0.949999988079071,
    0.949999988079071,
    0.949999988079071,
    1.0,
    0.9800000190734863,
    1.0,
    0.9599999785423279,
    1.0,
    0.9700000286102295,
    0.9399999976158142,
    0.9591836929321289,
    0.9700000286102295,
    0.9900000095367432,
    1.0,
    0.9900000095367432,
    0.9900000095367432,
    0.9599999785423279,
    0.9591836929321289,
    1.0,
    0.9300000071525574,
    0.9900000095367432,
    0.9700000286102295,
    0.9795918464660645,
    1.0,
    1.0,
    0.9700000286102295,
    0.9900000095367432,
    0.9900000095367432,
    0.9795918464660645,
    0.9900000095367432,
    0.9399999976158142,
    1.0,
    0.9200000166893005,
    1.0,
    0.9599999785423279,
    0.9399999976158142,
    0.9800000190734863,
    0.9900000095367432,
    0.949999988079071,
    1.0,
    0.9399999976158142,
    0.9900000095367432,
    0.9795918464660645,
    1.0,
    0.9700000286102295,
    0.949999988079071,
    0.9800000190734863,
    1.0,
    1.0,
    1.0,
    0.9800000190734863,
    1.0,
    0.9900000095367432,
    1.0,
    1.0,
    0.9700000286102295,
    0.9900000095367432,
    1.0,
    0.9399999976158142,
    0.9795918464660645,
    0.9599999785423279,
    0.9700000286102295,
    1.0,
    0.9399999976158142,
    0.9795918464660645,
    0.9900000095367432,
    0.9900000095367432,
    0.9800000190734863,
    1.0,
    1.0,
    0.9387755393981934,
    0.9900000095367432,
    0.949999988079071
  ]
}