{
  "episodes": 100,
  "seed_base": 456,
  "cfg_overrides": {
    "scan_obs_aug_enable": true,
    "scan_obs_patch_size": 5,
    "scan_obs_boundary_feat": true
  },
  "success_count": 98,
  "crash_count": 0,
  "oob_touch_count": 0,
  "oob_touch_rate": 0.0,
  "oob_touch_episode_count": 0,
  "oob_touch_episode_rate": 0.0,
  "success_rate_mean": 0.9800000190734863,
  "success_rate_std": 0.14000000059604645,
  "steps_mean": 283.3699951171875,
  "steps_std": 334.77294921875,
  "mean_steps_success": 240.1734619140625,
  "std_steps_success": 145.1313934326172,
  "crash_rate_mean": 0.0,
  "crash_rate_std": 0.0,
  "yaw_rate_abs_mean": 0.36925944685935974,
  "yaw_rate_abs_p95": 0.599848747253418,
  "dv_xy_mean": 0.19613711535930634,
  "coverage_mean": 0.9724060893058777,
  "coverage_min": 0.9200000166893005,
  "coverage_ge_090_rate": 1.0,
  "coverage_ge_093_rate": 0.96,
  "coverage_ge_095_rate": 0.86,
  "overlap_mean": 2.765622854232788,
  "time_to_95_mean": 478.8399963378906,
  "covered_cells_mean": 88.80999755859375,
  "total_cells_mean": 91.33000183105469,
  "coverage_episode": [
    0.9399999976158142,
    0.9900000095367432,
    0.9387755393981934,
    0.9800000190734863,
    0.9800000190734863,
    0.9300000071525574,
    1.0,
    0.949999988079071,
    0.9795918464660645,
    1.0,
    1.0,
    0.9800000190734863,
    0.9591836929321289,
    0.9700000286102295,
    0.9900000095367432,
    0.9399999976158142,
    0.9591836929321289,
    0.9900000095367432,
    0.9900000095367432,
    1.0,
    0.9795918464660645,
    0.9599999785423279,
    0.9399999976158142,
    0.9900000095367432,
    0.949999988079071,
    0.9800000190734863,
    0.9800000190734863,
    0.949999988079071,
    1.0,
    0.949999988079071,
    0.9900000095367432,
    0.9900000095367432,
    1.0,
    1.0,
    0.9795918464660645,
    1.0,
    0.9300000071525574,
    1.0,
    0.9900000095367432,
    0.9900000095367432,
    0.9599999785423279,
    0.9599999785423279,
    0.9800000190734863,
    0.9795918464660645,
    0.9900000095367432,
    0.9599999785423279,
    0.9800000190734863,
    0.9200000166893005,
    0.9599999785423279,
    0.9399999976158142,
    1.0,
    1.0,
    1.0,
    0.9599999785423279,
    1.0,
    0.9200000166893005,
    1.0,
    0.9900000095367432,
    0.9399999976158142,
    0.9399999976158142,
    0.9599999785423279,
    1.0,
    0.9800000190734863,
    1.0,
    0.9599999785423279,
    0.9591836929321289,
    0.9591836929321289,
    0.9599999785423279,
    0.9800000190734863,
    0.9591836929321289,
    0.9800000190734863,
    1.0,
    0.9591836929321289,
    0.9599999785423279,
    0.9900000095367432,
    0.9900000095367432,
    0.9399999976158142,
    0.9900000095367432,
    0.9599999785423279,
    0.9900000095367432,
    0.9800000190734863,
    0.949999988079071,
    0.9795918464660645,
    0.949999988079071,
    0.9200000166893005,
    0.9700000286102295,
    0.9591836929321289,
    0.9599999785423279,
    0.9800000190734863,
    0.9700000286102295,
    0.9599999785423279,
    0.9200000166893005,
    1.0,
    0.9800000190734863,
    0.9599999785423279,
    0.9795918464660645,
    0.9900000095367432,
    1.0,
    0.9599999785423279,
    1.0
  ]
}