{
  "episodes": 100,
  "seed_base": 456,
  "success_count": 13,
  "crash_count": 0,
  "oob_touch_count": 0,
  "oob_touch_rate": 0.0,
  "oob_touch_episode_count": 0,
  "oob_touch_episode_rate": 0.0,
  "success_rate_mean": 0.12999999523162842,
  "success_rate_std": 0.3363034427165985,
  "steps_mean": 2127.31005859375,
  "steps_std": 706.1235961914062,
  "mean_steps_success": 302.3846130371094,
  "std_steps_success": 86.4527816772461,
  "crash_rate_mean": 0.0,
  "crash_rate_std": 0.0,
  "yaw_rate_abs_mean": 0.1964898258447647,
  "yaw_rate_abs_p95": 0.4414330720901489,
  "dv_xy_mean": 0.23728950321674347,
  "coverage_mean": 0.7376224398612976,
  "coverage_min": 0.6100000143051147,
  "overlap_mean": 32.0048713684082,
  "time_to_95_mean": 2126.050048828125,
  "covered_cells_mean": 65.80000305175781,
  "total_cells_mean": 91.33000183105469
}