{
  "episodes": 100,
  "seed_base": 456,
  "success_count": 9,
  "crash_count": 0,
  "oob_touch_count": 0,
  "oob_touch_rate": 0.0,
  "oob_touch_episode_count": 0,
  "oob_touch_episode_rate": 0.0,
  "success_rate_mean": 0.09000000357627869,
  "success_rate_std": 0.2861817181110382,
  "steps_mean": 2216.60009765625,
  "steps_std": 584.2496948242188,
  "mean_steps_success": 362.22222900390625,
  "std_steps_success": 118.0750961303711,
  "crash_rate_mean": 0.0,
  "crash_rate_std": 0.0,
  "yaw_rate_abs_mean": 0.19428306818008423,
  "yaw_rate_abs_p95": 0.43277448415756226,
  "dv_xy_mean": 0.24062561988830566,
  "coverage_mean": 0.7347326874732971,
  "coverage_min": 0.4699999988079071,
  "overlap_mean": 33.53761672973633,
  "time_to_95_mean": 2148.1201171875,
  "covered_cells_mean": 65.2300033569336,
  "total_cells_mean": 91.33000183105469
}