{
  "episodes": 100,
  "seed_base": 3,
  "cfg_overrides": {
    "scan_path_len_scale_min": 2.0,
    "scan_path_len_scale_max": 2.0,
    "scan_obs_aug_enable": true,
    "scan_obs_patch_size": 5,
    "scan_obs_boundary_feat": true,
    "scan_obs_global_coverage_enable": false
  },
  "success_count": 99,
  "crash_count": 0,
  "oob_touch_count": 0,
  "oob_touch_rate": 0.0,
  "oob_touch_episode_count": 0,
  "oob_touch_episode_rate": 0.0,
  "success_rate_mean": 0.9900000095367432,
  "success_rate_std": 0.09949874877929688,
  "steps_mean": 528.02001953125,
  "steps_std": 265.2900085449219,
  "mean_steps_success": 509.1111145019531,
  "std_steps_success": 187.9762420654297,
  "crash_rate_mean": 0.0,
  "crash_rate_std": 0.0,
  "yaw_rate_abs_mean": 0.460816353559494,
  "yaw_rate_abs_p95": 0.5999998450279236,
  "dv_xy_mean": 0.12737137079238892,
  "coverage_mean": 0.91796875,
  "coverage_min": 0.32421875,
  "coverage_ge_090_rate": 0.82,
  "coverage_ge_093_rate": 0.38,
  "coverage_ge_095_rate": 0.16,
  "overlap_mean": 1.576749324798584,
  "time_to_95_mean": 2116.1201171875,
  "covered_cells_mean": 235.0,
  "total_cells_mean": 256.0,
  "coverage_episode": [
    0.91015625,
    0.91796875,
    0.90234375,
    0.93359375,
    0.859375,
    0.953125,
    0.94140625,
    0.890625,
    0.91015625,
    0.93359375,
    0.93359375,
    0.94921875,
    0.89453125,
    0.92578125,
    0.9296875,
    0.9140625,
    0.9140625,
    0.88671875,
    0.921875,
    0.94921875,
    0.92578125,
    0.91015625,
    0.9140625,
    0.9296875,
    0.89453125,
    0.96484375,
    0.89453125,
    0.87109375,
    0.9296875,
    0.9296875,
    0.90625,
    0.921875,
    0.9765625,
    0.9296875,
    0.94921875,
    0.92578125,
    0.9375,
    0.93359375,
    0.94140625,
    0.9453125,
    0.953125,
    0.9453125,
    0.9140625,
    0.96484375,
    0.92578125,
    0.89453125,
    0.93359375,
    0.96484375,
    0.890625,
    0.91015625,
    0.953125,
    0.9296875,
    0.91796875,
    0.9296875,
    0.91796875,
    0.90234375,
    0.875,
    0.9609375,
    0.9609375,
    0.94140625,
    0.9296875,
    0.88671875,
    0.91015625,
    0.94921875,
    0.90234375,
    0.89453125,
    0.96484375,
    0.95703125,
    0.94921875,
    0.921875,
    0.95703125,
    0.94921875,
    0.93359375,
    0.94921875,
    0.90625,
    0.96484375,
    0.91015625,
    0.9140625,
    0.9296875,
    0.953125,
    0.90234375,
    0.92578125,
    0.91015625,
    0.9296875,
    0.90625,
    0.97265625,
    0.8828125,
    0.93359375,
    0.90625,
    0.90234375,
    0.8984375,
    0.89453125,
    0.84765625,
    0.93359375,
    0.9609375,
    0.90234375,
    0.32421875,
    0.9140625,
    0.93359375,
    0.89453125
  ]
}