{
  "episodes": 100,
  "seed_base": 1,
  "cfg_overrides": {
    "scan_path_len_scale_min": 2.0,
    "scan_path_len_scale_max": 2.0,
    "scan_obs_aug_enable": true,
    "scan_obs_patch_size": 5,
    "scan_obs_boundary_feat": true,
    "scan_obs_global_coverage_enable": false
  },
  "success_count": 99,
  "crash_count": 0,
  "oob_touch_count": 0,
  "oob_touch_rate": 0.0,
  "oob_touch_episode_count": 0,
  "oob_touch_episode_rate": 0.0,
  "success_rate_mean": 0.9900000095367432,
  "success_rate_std": 0.09949874132871628,
  "steps_mean": 529.1099853515625,
  "steps_std": 265.0669250488281,
  "mean_steps_success": 510.2121276855469,
  "std_steps_success": 187.7689971923828,
  "crash_rate_mean": 0.0,
  "crash_rate_std": 0.0,
  "yaw_rate_abs_mean": 0.4604519307613373,
  "yaw_rate_abs_p95": 0.5999998450279236,
  "dv_xy_mean": 0.12742100656032562,
  "coverage_mean": 0.9182031154632568,
  "coverage_min": 0.32421875,
  "coverage_ge_090_rate": 0.82,
  "coverage_ge_093_rate": 0.38,
  "coverage_ge_095_rate": 0.17,
  "overlap_mean": 1.580411434173584,
  "time_to_95_mean": 2096.820068359375,
  "covered_cells_mean": 235.05999755859375,
  "total_cells_mean": 256.0,
  "coverage_episode": [
    0.9609375,
    0.890625,
    0.91015625,
    0.91796875,
    0.90234375,
    0.93359375,
    0.859375,
    0.953125,
    0.94140625,
    0.890625,
    0.91015625,
    0.93359375,
    0.93359375,
    0.94921875,
    0.89453125,
    0.92578125,
    0.9296875,
    0.9140625,
    0.9140625,
    0.88671875,
    0.921875,
    0.94921875,
    0.92578125,
    0.91015625,
    0.9140625,
    0.9296875,
    0.89453125,
    0.96484375,
    0.89453125,
    0.87109375,
    0.9296875,
    0.9296875,
    0.90625,
    0.921875,
    0.9765625,
    0.9296875,
    0.94921875,
    0.92578125,
    0.9375,
    0.93359375,
    0.94140625,
    0.9453125,
    0.953125,
    0.9453125,
    0.9140625,
    0.96484375,
    0.92578125,
    0.89453125,
    0.93359375,
    0.96484375,
    0.890625,
    0.91015625,
    0.953125,
    0.9296875,
    0.91796875,
    0.9296875,
    0.91796875,
    0.90234375,
    0.875,
    0.9609375,
    0.9609375,
    0.94140625,
    0.9296875,
    0.88671875,
    0.91015625,
    0.94921875,
    0.90234375,
    0.89453125,
    0.96484375,
    0.95703125,
    0.94921875,
    0.921875,
    0.95703125,
    0.94921875,
    0.93359375,
    0.94921875,
    0.90625,
    0.96484375,
    0.91015625,
    0.9140625,
    0.9296875,
    0.953125,
    0.90234375,
    0.92578125,
    0.91015625,
    0.9296875,
    0.90625,
    0.97265625,
    0.8828125,
    0.93359375,
    0.90625,
    0.90234375,
    0.8984375,
    0.89453125,
    0.84765625,
    0.93359375,
    0.9609375,
    0.90234375,
    0.32421875,
    0.9140625
  ]
}