{
  "episodes": 100,
  "seed_base": 456,
  "cfg_overrides": {
    "scan_path_len_scale_min": 2.0,
    "scan_path_len_scale_max": 2.0,
    "scan_obs_aug_enable": true,
    "scan_obs_patch_size": 5,
    "scan_obs_boundary_feat": true,
    "scan_obs_global_coverage_enable": false
  },
  "success_count": 98,
  "crash_count": 0,
  "oob_touch_count": 0,
  "oob_touch_rate": 0.0,
  "oob_touch_episode_count": 0,
  "oob_touch_episode_rate": 0.0,
  "success_rate_mean": 0.9800000190734863,
  "success_rate_std": 0.14000000059604645,
  "steps_mean": 550.5700073242188,
  "steps_std": 330.77728271484375,
  "mean_steps_success": 512.8265380859375,
  "std_steps_success": 201.04249572753906,
  "crash_rate_mean": 0.0,
  "crash_rate_std": 0.0,
  "yaw_rate_abs_mean": 0.44435372948646545,
  "yaw_rate_abs_p95": 0.5999997854232788,
  "dv_xy_mean": 0.13413721323013306,
  "coverage_mean": 0.9105468988418579,
  "coverage_min": 0.296875,
  "coverage_ge_090_rate": 0.83,
  "coverage_ge_093_rate": 0.35,
  "coverage_ge_095_rate": 0.18,
  "overlap_mean": 1.9040398597717285,
  "time_to_95_mean": 2073.68994140625,
  "covered_cells_mean": 233.10000610351562,
  "total_cells_mean": 256.0,
  "coverage_episode": [
    0.94140625,
    0.921875,
    0.91796875,
    0.90625,
    0.8828125,
    0.87109375,
    0.96875,
    0.9609375,
    0.90625,
    0.91015625,
    0.96484375,
    0.90625,
    0.90234375,
    0.90625,
    0.9375,
    0.9609375,
    0.90625,
    0.92578125,
    0.93359375,
    0.9375,
    0.91796875,
    0.921875,
    0.90234375,
    0.296875,
    0.9453125,
    0.9609375,
    0.9453125,
    0.88671875,
    0.921875,
    0.921875,
    0.96484375,
    0.859375,
    0.94921875,
    0.921875,
    0.921875,
    0.921875,
    0.85546875,
    0.9609375,
    0.91796875,
    0.9296875,
    0.30078125,
    0.92578125,
    0.91796875,
    0.890625,
    0.85546875,
    0.921875,
    0.921875,
    0.890625,
    0.91796875,
    0.94140625,
    0.9296875,
    0.90234375,
    0.90234375,
    0.921875,
    0.87890625,
    0.96484375,
    0.90625,
    0.9140625,
    0.90234375,
    0.94921875,
    0.88671875,
    0.92578125,
    0.96484375,
    0.9453125,
    0.90234375,
    0.96484375,
    0.93359375,
    0.97265625,
    0.921875,
    0.90625,
    0.94921875,
    0.9140625,
    0.90234375,
    0.91796875,
    0.90234375,
    0.94921875,
    0.95703125,
    0.90234375,
    0.953125,
    0.91015625,
    0.96484375,
    0.9296875,
    0.90625,
    0.9375,
    0.96875,
    0.87890625,
    0.89453125,
    0.8671875,
    0.921875,
    0.9453125,
    0.9140625,
    0.91796875,
    0.87890625,
    0.890625,
    0.9296875,
    0.9375,
    0.95703125,
    0.9453125,
    0.9765625,
    0.9609375
  ]
}