{
  "episodes": 100,
  "seed_base": 456,
  "cfg_overrides": {
    "scan_path_len_scale_min": 2.0,
    "scan_path_len_scale_max": 2.0,
    "scan_obs_aug_enable": true,
    "scan_obs_patch_size": 7,
    "scan_obs_boundary_feat": true,
    "scan_obs_global_coverage_enable": false
  },
  "success_count": 98,
  "crash_count": 0,
  "oob_touch_count": 0,
  "oob_touch_rate": 0.0,
  "oob_touch_episode_count": 0,
  "oob_touch_episode_rate": 0.0,
  "success_rate_mean": 0.9800000190734863,
  "success_rate_std": 0.14000000059604645,
  "steps_mean": 516.6900024414062,
  "steps_std": 313.56097412109375,
  "mean_steps_success": 478.2550964355469,
  "std_steps_success": 162.6804962158203,
  "crash_rate_mean": 0.0,
  "crash_rate_std": 0.0,
  "yaw_rate_abs_mean": 0.4772679805755615,
  "yaw_rate_abs_p95": 0.5999999046325684,
  "dv_xy_mean": 0.12860853970050812,
  "coverage_mean": 0.9443749785423279,
  "coverage_min": 0.5625,
  "coverage_ge_090_rate": 0.97,
  "coverage_ge_093_rate": 0.72,
  "coverage_ge_095_rate": 0.51,
  "overlap_mean": 1.4134941101074219,
  "time_to_95_mean": 1412.31005859375,
  "covered_cells_mean": 241.75999450683594,
  "total_cells_mean": 256.0,
  "coverage_episode": [
    0.9609375,
    0.97265625,
    0.9453125,
    0.93359375,
    0.984375,
    0.9296875,
    0.953125,
    0.9765625,
    0.95703125,
    0.921875,
    0.94921875,
    0.94140625,
    0.953125,
    0.9296875,
    0.921875,
    0.98046875,
    0.93359375,
    0.92578125,
    0.91796875,
    0.95703125,
    0.9609375,
    0.99609375,
    0.89453125,
    0.9609375,
    0.984375,
    0.96484375,
    0.99609375,
    0.9453125,
    0.91796875,
    0.98828125,
    0.97265625,
    0.98046875,
    0.97265625,
    0.91015625,
    0.94140625,
    0.94921875,
    0.93359375,
    0.96484375,
    0.95703125,
    0.96875,
    0.5625,
    0.97265625,
    0.9765625,
    0.9375,
    0.9375,
    0.96875,
    0.90625,
    0.96875,
    0.9375,
    0.9921875,
    0.921875,
    0.93359375,
    0.9375,
    0.98828125,
    0.93359375,
    0.984375,
    0.91796875,
    0.94921875,
    0.92578125,
    0.60546875,
    0.99609375,
    0.9375,
    0.9765625,
    0.9296875,
    0.953125,
    0.9453125,
    0.91796875,
    0.94140625,
    0.91015625,
    0.95703125,
    0.9765625,
    0.92578125,
    0.921875,
    0.91796875,
    0.96484375,
    0.97265625,
    0.9765625,
    0.9296875,
    0.97265625,
    0.9609375,
    0.97265625,
    0.92578125,
    0.953125,
    0.9140625,
    0.97265625,
    0.9609375,
    0.94921875,
    0.94140625,
    0.95703125,
    0.97265625,
    0.96875,
    0.9296875,
    0.9296875,
    0.921875,
    0.984375,
    0.921875,
    0.984375,
    0.97265625,
    0.9921875,
    0.96484375
  ]
}