{
  "episodes": 100,
  "seed_base": 456,
  "success_count": 5,
  "crash_count": 0,
  "oob_touch_count": 0,
  "oob_touch_rate": 0.0,
  "oob_touch_episode_count": 0,
  "oob_touch_episode_rate": 0.0,
  "success_rate_mean": 0.05000000074505806,
  "success_rate_std": 0.2179449498653412,
  "steps_mean": 2296.360107421875,
  "steps_std": 452.1263732910156,
  "mean_steps_success": 327.20001220703125,
  "std_steps_success": 81.79339599609375,
  "crash_rate_mean": 0.0,
  "crash_rate_std": 0.0,
  "yaw_rate_abs_mean": 0.13009703159332275,
  "yaw_rate_abs_p95": 0.4167666435241699,
  "dv_xy_mean": 0.25928372144699097,
  "coverage_mean": 0.6758183240890503,
  "coverage_min": 0.4300000071525574,
  "overlap_mean": 40.657440185546875,
  "time_to_95_mean": 2264.1298828125,
  "covered_cells_mean": 61.15999984741211,
  "total_cells_mean": 91.33000183105469
}