{
  "episodes": 100,
  "seed_base": 456,
  "cfg_overrides": {
    "scan_cov_late_thresh": 0.85,
    "scan_k_cov_gain_late": 0.01,
    "scan_k_cov_stall": 0.0,
    "scan_oob_grace_steps": 3,
    "scan_k_cov_gain": 0.014,
    "scan_debug_oob": false
  },
  "success_count": 58,
  "crash_count": 0,
  "oob_touch_count": 0,
  "oob_touch_rate": 0.0,
  "oob_touch_episode_count": 0,
  "oob_touch_episode_rate": 0.0,
  "success_rate_mean": 0.5799999833106995,
  "success_rate_std": 0.49355846643447876,
  "steps_mean": 1470.4000244140625,
  "steps_std": 848.4327392578125,
  "mean_steps_success": 797.2413940429688,
  "std_steps_success": 402.72723388671875,
  "crash_rate_mean": 0.0,
  "crash_rate_std": 0.0,
  "yaw_rate_abs_mean": 0.22525054216384888,
  "yaw_rate_abs_p95": 0.5775460600852966,
  "dv_xy_mean": 0.23027470707893372,
  "coverage_mean": 0.8463979959487915,
  "coverage_min": 0.6600000262260437,
  "overlap_mean": 19.936508178710938,
  "time_to_95_mean": 2062.010009765625,
  "covered_cells_mean": 76.2300033569336,
  "total_cells_mean": 91.33000183105469
}