{
  "episodes": 200,
  "seed_base": 456,
  "success_count": 187,
  "crash_count": 13,
  "success_rate_mean": 0.9350000023841858,
  "success_rate_std": 0.2465258687734604,
  "steps_mean": 646.4400024414062,
  "steps_std": 52.067230224609375,
  "mean_steps_success": 653.3529663085938,
  "std_steps_success": 41.45551681518555,
  "crash_rate_mean": 0.06499999761581421,
  "crash_rate_std": 0.2465258687734604
}