{
  "episodes": 100,
  "seed_base": 456,
  "success_count": 100,
  "crash_count": 0,
  "oob_touch_count": 0,
  "oob_touch_rate": 0.0,
  "oob_touch_episode_count": 0,
  "oob_touch_episode_rate": 0.0,
  "success_rate_mean": 1.0,
  "success_rate_std": 0.0,
  "steps_mean": 147.6300048828125,
  "steps_std": 26.742719650268555,
  "mean_steps_success": 147.6300048828125,
  "std_steps_success": 26.742719650268555,
  "crash_rate_mean": 0.0,
  "crash_rate_std": 0.0,
  "yaw_rate_abs_mean": 0.8768227696418762,
  "yaw_rate_abs_p95": 0.9999576210975647,
  "dv_xy_mean": 0.10607828199863434,
  "coverage_mean": 0.9571042656898499,
  "coverage_min": 0.8775510191917419,
  "overlap_mean": 0.801106333732605,
  "time_to_95_mean": 456.95001220703125,
  "covered_cells_mean": 87.54000091552734,
  "total_cells_mean": 91.33000183105469
}