{
  "episodes": 100,
  "seed_base": 456,
  "success_count": 99,
  "crash_count": 0,
  "oob_touch_count": 0,
  "oob_touch_rate": 0.0,
  "oob_touch_episode_count": 0,
  "oob_touch_episode_rate": 0.0,
  "success_rate_mean": 0.9900000095367432,
  "success_rate_std": 0.09949874877929688,
  "steps_mean": 163.52000427246094,
  "steps_std": 186.224365234375,
  "mean_steps_success": 144.96969604492188,
  "std_steps_success": 24.868322372436523,
  "crash_rate_mean": 0.0,
  "crash_rate_std": 0.0,
  "yaw_rate_abs_mean": 0.7876805663108826,
  "yaw_rate_abs_p95": 0.9999376535415649,
  "dv_xy_mean": 0.1325138658285141,
  "coverage_mean": 0.9759509563446045,
  "coverage_min": 0.8979591727256775,
  "overlap_mean": 1.241884708404541,
  "time_to_95_mean": 165.8300018310547,
  "covered_cells_mean": 89.05000305175781,
  "total_cells_mean": 91.33000183105469
}