{
  "episodes": 100,
  "seed_base": 1,
  "cfg_overrides": {
    "scan_path_len_scale_min": 2.0,
    "scan_path_len_scale_max": 2.0,
    "scan_obs_aug_enable": true,
    "scan_obs_patch_size": 5,
    "scan_obs_boundary_feat": true,
    "scan_obs_global_coverage_enable": true,
    "scan_obs_global_size": 8
  },
  "success_count": 2,
  "crash_count": 0,
  "oob_touch_count": 0,
  "oob_touch_rate": 0.0,
  "oob_touch_episode_count": 0,
  "oob_touch_episode_rate": 0.0,
  "success_rate_mean": 0.019999999552965164,
  "success_rate_std": 0.14000000059604645,
  "steps_mean": 2359.929931640625,
  "steps_std": 280.5401306152344,
  "mean_steps_success": 396.5,
  "std_steps_success": 37.5,
  "crash_rate_mean": 0.0,
  "crash_rate_std": 0.0,
  "yaw_rate_abs_mean": 0.1871921420097351,
  "yaw_rate_abs_p95": 0.5994924902915955,
  "dv_xy_mean": 0.2312290221452713,
  "coverage_mean": 0.7238671779632568,
  "coverage_min": 0.5,
  "coverage_ge_090_rate": 0.35,
  "coverage_ge_093_rate": 0.18,
  "coverage_ge_095_rate": 0.04,
  "overlap_mean": 12.774524688720703,
  "time_to_95_mean": 2342.909912109375,
  "covered_cells_mean": 185.30999755859375,
  "total_cells_mean": 256.0,
  "coverage_episode": [
    0.921875,
    0.89453125,
    0.57421875,
    0.8984375,
    0.515625,
    0.93359375,
    0.8671875,
    0.5546875,
    0.5703125,
    0.9453125,
    0.55078125,
    0.5625,
    0.93359375,
    0.546875,
    0.58984375,
    0.58203125,
    0.9609375,
    0.94921875,
    0.92578125,
    0.92578125,
    0.57421875,
    0.90234375,
    0.578125,
    0.9375,
    0.90625,
    0.5546875,
    0.56640625,
    0.57421875,
    0.91796875,
    0.8984375,
    0.91015625,
    0.6015625,
    0.9375,
    0.56640625,
    0.55859375,
    0.88671875,
    0.5,
    0.5703125,
    0.58203125,
    0.578125,
    0.57421875,
    0.56640625,
    0.55859375,
    0.53515625,
    0.546875,
    0.56640625,
    0.8984375,
    0.58203125,
    0.59375,
    0.55078125,
    0.9453125,
    0.5703125,
    0.55078125,
    0.58203125,
    0.953125,
    0.59375,
    0.9296875,
    0.56640625,
    0.9140625,
    0.54296875,
    0.57421875,
    0.58203125,
    0.9296875,
    0.9296875,
    0.91796875,
    0.921875,
    0.57421875,
    0.51953125,
    0.5703125,
    0.94140625,
    0.5390625,
    0.8984375,
    0.9609375,
    0.5859375,
    0.5859375,
    0.57421875,
    0.56640625,
    0.546875,
    0.9296875,
    0.89453125,
    0.5859375,
    0.5625,
    0.91015625,
    0.94140625,
    0.921875,
    0.94921875,
    0.5625,
    0.5625,
    0.94140625,
    0.59375,
    0.9375,
    0.5859375,
    0.9375,
    0.57421875,
    0.921875,
    0.95703125,
    0.9453125,
    0.89453125,
    0.55078125,
    0.58203125
  ]
}