{
  "episodes": 100,
  "seed_base": 456,
  "cfg_overrides": {
    "scan_path_len_scale_min": 2.0,
    "scan_path_len_scale_max": 2.0,
    "scan_obs_aug_enable": true,
    "scan_obs_patch_size": 5,
    "scan_obs_boundary_feat": true,
    "scan_obs_global_coverage_enable": true,
    "scan_obs_global_size": 8
  },
  "success_count": 1,
  "crash_count": 0,
  "oob_touch_count": 0,
  "oob_touch_rate": 0.0,
  "oob_touch_episode_count": 0,
  "oob_touch_episode_rate": 0.0,
  "success_rate_mean": 0.009999999776482582,
  "success_rate_std": 0.09949875622987747,
  "steps_mean": 2379.6201171875,
  "steps_std": 202.77841186523438,
  "mean_steps_success": 362.0,
  "std_steps_success": 0.0,
  "crash_rate_mean": 0.0,
  "crash_rate_std": 0.0,
  "yaw_rate_abs_mean": 0.1895163357257843,
  "yaw_rate_abs_p95": 0.5995485186576843,
  "dv_xy_mean": 0.22945410013198853,
  "coverage_mean": 0.7532421946525574,
  "coverage_min": 0.51953125,
  "coverage_ge_090_rate": 0.42,
  "coverage_ge_093_rate": 0.18,
  "coverage_ge_095_rate": 0.03,
  "overlap_mean": 12.299875259399414,
  "time_to_95_mean": 2359.7900390625,
  "covered_cells_mean": 192.8300018310547,
  "total_cells_mean": 256.0,
  "coverage_episode": [
    0.57421875,
    0.578125,
    0.9375,
    0.5859375,
    0.90625,
    0.9375,
    0.5703125,
    0.55859375,
    0.5703125,
    0.90234375,
    0.94140625,
    0.93359375,
    0.890625,
    0.5859375,
    0.90625,
    0.55078125,
    0.8984375,
    0.59375,
    0.88671875,
    0.55078125,
    0.91015625,
    0.9140625,
    0.96484375,
    0.91796875,
    0.5625,
    0.55859375,
    0.55078125,
    0.51953125,
    0.90234375,
    0.5625,
    0.56640625,
    0.9609375,
    0.91796875,
    0.58203125,
    0.8828125,
    0.921875,
    0.875,
    0.57421875,
    0.55078125,
    0.93359375,
    0.5390625,
    0.9375,
    0.90234375,
    0.91796875,
    0.91015625,
    0.89453125,
    0.59375,
    0.88671875,
    0.58203125,
    0.54296875,
    0.9296875,
    0.921875,
    0.87109375,
    0.875,
    0.53125,
    0.58984375,
    0.93359375,
    0.9296875,
    0.94921875,
    0.59375,
    0.58203125,
    0.953125,
    0.57421875,
    0.60546875,
    0.5703125,
    0.90234375,
    0.8984375,
    0.9140625,
    0.921875,
    0.57421875,
    0.55078125,
    0.91796875,
    0.890625,
    0.58984375,
    0.546875,
    0.57421875,
    0.9375,
    0.56640625,
    0.5625,
    0.59375,
    0.546875,
    0.9296875,
    0.9375,
    0.9375,
    0.57421875,
    0.5234375,
    0.92578125,
    0.91796875,
    0.9375,
    0.9453125,
    0.90234375,
    0.90625,
    0.93359375,
    0.57421875,
    0.58203125,
    0.9375,
    0.5859375,
    0.55859375,
    0.546875,
    0.57421875
  ]
}