{
  "episodes": 100,
  "seed_base": 456,
  "success_count": 60,
  "crash_count": 0,
  "oob_touch_count": 0,
  "oob_touch_rate": 0.0,
  "oob_touch_episode_count": 0,
  "oob_touch_episode_rate": 0.0,
  "success_rate_mean": 0.6000000238418579,
  "success_rate_std": 0.4898979961872101,
  "steps_mean": 1343.8499755859375,
  "steps_std": 915.5230102539062,
  "mean_steps_success": 639.75,
  "std_steps_success": 396.96148681640625,
  "crash_rate_mean": 0.0,
  "crash_rate_std": 0.0,
  "yaw_rate_abs_mean": 0.21763385832309723,
  "yaw_rate_abs_p95": 0.5908895134925842,
  "dv_xy_mean": 0.22578418254852295,
  "coverage_mean": 0.8316857218742371,
  "coverage_min": 0.6600000262260437,
  "overlap_mean": 18.140933990478516,
  "time_to_95_mean": 2054.570068359375,
  "covered_cells_mean": 74.79000091552734,
  "total_cells_mean": 91.33000183105469
}