{
  "episodes": 100,
  "seed_base": 456,
  "success_count": 10,
  "crash_count": 0,
  "oob_touch_count": 0,
  "oob_touch_rate": 0.0,
  "oob_touch_episode_count": 0,
  "oob_touch_episode_rate": 0.0,
  "success_rate_mean": 0.10000000149011612,
  "success_rate_std": 0.30000001192092896,
  "steps_mean": 2220.2099609375,
  "steps_std": 548.6380615234375,
  "mean_steps_success": 602.0999755859375,
  "std_steps_success": 317.5501403808594,
  "crash_rate_mean": 0.0,
  "crash_rate_std": 0.0,
  "yaw_rate_abs_mean": 0.1784430742263794,
  "yaw_rate_abs_p95": 0.44357848167419434,
  "dv_xy_mean": 0.24181197583675385,
  "coverage_mean": 0.6960550546646118,
  "coverage_min": 0.4000000059604645,
  "overlap_mean": 37.09188461303711,
  "time_to_95_mean": 2165.81005859375,
  "covered_cells_mean": 61.560001373291016,
  "total_cells_mean": 91.33000183105469
}