{
  "episodes": 100,
  "seed_base": 456,
  "success_count": 54,
  "crash_count": 0,
  "oob_touch_count": 0,
  "oob_touch_rate": 0.0,
  "oob_touch_episode_count": 0,
  "oob_touch_episode_rate": 0.0,
  "success_rate_mean": 0.5400000214576721,
  "success_rate_std": 0.4983973801136017,
  "steps_mean": 1594.3299560546875,
  "steps_std": 861.0252075195312,
  "mean_steps_success": 908.0184936523438,
  "std_steps_success": 590.70556640625,
  "crash_rate_mean": 0.0,
  "crash_rate_std": 0.0,
  "yaw_rate_abs_mean": 0.2017938792705536,
  "yaw_rate_abs_p95": 0.5581154823303223,
  "dv_xy_mean": 0.23542235791683197,
  "coverage_mean": 0.84735107421875,
  "coverage_min": 0.6600000262260437,
  "overlap_mean": 21.40912628173828,
  "time_to_95_mean": 1952.6300048828125,
  "covered_cells_mean": 76.19000244140625,
  "total_cells_mean": 91.33000183105469
}