{
  "episodes": 100,
  "seed_base": 456,
  "cfg_overrides": {},
  "success_count": 62,
  "crash_count": 0,
  "oob_touch_count": 0,
  "oob_touch_rate": 0.0,
  "oob_touch_episode_count": 0,
  "oob_touch_episode_rate": 0.0,
  "success_rate_mean": 0.6200000047683716,
  "success_rate_std": 0.4853864312171936,
  "steps_mean": 1417.3599853515625,
  "steps_std": 864.4526977539062,
  "mean_steps_success": 815.0968017578125,
  "std_steps_success": 500.7583923339844,
  "crash_rate_mean": 0.0,
  "crash_rate_std": 0.0,
  "yaw_rate_abs_mean": 0.2111116349697113,
  "yaw_rate_abs_p95": 0.5862712860107422,
  "dv_xy_mean": 0.22901810705661774,
  "coverage_mean": 0.8381673693656921,
  "coverage_min": 0.6600000262260437,
  "coverage_ge_090_rate": 0.35,
  "coverage_ge_093_rate": 0.25,
  "coverage_ge_095_rate": 0.22,
  "overlap_mean": 18.688190460205078,
  "time_to_95_mean": 1982.0899658203125,
  "covered_cells_mean": 75.2300033569336,
  "total_cells_mean": 91.33000183105469,
  "coverage_episode": [
    0.6800000071525574,
    0.7900000214576721,
    1.0,
    0.8899999856948853,
    0.9200000166893005,
    0.7200000286102295,
    0.8700000047683716,
    0.7099999785423279,
    1.0,
    0.7099999785423279,
    0.8199999928474426,
    0.6899999976158142,
    1.0,
    0.9200000166893005,
    0.8299999833106995,
    0.699999988079071,
    1.0,
    0.8999999761581421,
    0.7300000190734863,
    0.8399999737739563,
    1.0,
    0.699999988079071,
    0.6600000262260437,
    0.8799999952316284,
    0.7400000095367432,
    0.8999999761581421,
    0.8299999833106995,
    0.6899999976158142,
    0.8100000023841858,
    0.7400000095367432,
    0.7400000095367432,
    0.8899999856948853,
    0.7799999713897705,
    0.8600000143051147,
    1.0,
    1.0,
    0.7099999785423279,
    0.8500000238418579,
    0.9200000166893005,
    0.8999999761581421,
    0.7099999785423279,
    0.7400000095367432,
    0.8299999833106995,
    1.0,
    0.8999999761581421,
    0.6899999976158142,
    0.949999988079071,
    0.7699999809265137,
    0.7400000095367432,
    0.6800000071525574,
    0.9300000071525574,
    0.8299999833106995,
    1.0,
    0.699999988079071,
    0.8899999856948853,
    0.9599999785423279,
    0.8299999833106995,
    0.8299999833106995,
    0.699999988079071,
    0.699999988079071,
    0.7300000190734863,
    0.9591836929321289,
    0.8999999761581421,
    0.8700000047683716,
    0.6800000071525574,
    1.0,
    0.9387755393981934,
    0.949999988079071,
    0.9599999785423279,
    1.0,
    0.9100000262260437,
    0.8999999761581421,
    0.9387755393981934,
    0.7099999785423279,
    0.8799999952316284,
    0.8799999952316284,
    0.7200000286102295,
    0.8899999856948853,
    0.8799999952316284,
    0.8700000047683716,
    0.8500000238418579,
    0.6600000262260437,
    1.0,
    0.7599999904632568,
    0.6800000071525574,
    0.7200000286102295,
    1.0,
    0.949999988079071,
    0.7900000214576721,
    0.7200000286102295,
    0.75,
    0.7099999785423279,
    0.8799999952316284,
    0.9599999785423279,
    0.7200000286102295,
    1.0,
    1.0,
    0.8500000238418579,
    0.7200000286102295,
    0.8299999833106995
  ]
}