{
  "episodes": 100,
  "seed_base": 456,
  "cfg_overrides": {},
  "success_count": 72,
  "crash_count": 0,
  "oob_touch_count": 0,
  "oob_touch_rate": 0.0,
  "oob_touch_episode_count": 0,
  "oob_touch_episode_rate": 0.0,
  "success_rate_mean": 0.7200000286102295,
  "success_rate_std": 0.4489988684654236,
  "steps_mean": 1091.0999755859375,
  "steps_std": 867.7828979492188,
  "mean_steps_success": 582.0833129882812,
  "std_steps_success": 347.20184326171875,
  "crash_rate_mean": 0.0,
  "crash_rate_std": 0.0,
  "yaw_rate_abs_mean": 0.2357914000749588,
  "yaw_rate_abs_p95": 0.5961375832557678,
  "dv_xy_mean": 0.22284753620624542,
  "coverage_mean": 0.8657551407814026,
  "coverage_min": 0.6899999976158142,
  "coverage_ge_090_rate": 0.38,
  "coverage_ge_093_rate": 0.33,
  "coverage_ge_095_rate": 0.23,
  "overlap_mean": 14.16372299194336,
  "time_to_95_mean": 1956.9000244140625,
  "covered_cells_mean": 78.0199966430664,
  "total_cells_mean": 91.33000183105469,
  "coverage_episode": [
    0.7200000286102295,
    0.8899999856948853,
    1.0,
    0.8799999952316284,
    0.9399999976158142,
    0.7099999785423279,
    0.8899999856948853,
    0.7099999785423279,
    0.9795918464660645,
    0.8799999952316284,
    0.8600000143051147,
    0.9200000166893005,
    1.0,
    0.9300000071525574,
    0.8700000047683716,
    0.9900000095367432,
    1.0,
    0.8399999737739563,
    0.8899999856948853,
    0.8600000143051147,
    1.0,
    0.7099999785423279,
    0.949999988079071,
    0.8799999952316284,
    0.9599999785423279,
    0.8600000143051147,
    0.8700000047683716,
    0.699999988079071,
    0.8100000023841858,
    0.7099999785423279,
    0.699999988079071,
    0.8500000238418579,
    0.8600000143051147,
    0.8399999737739563,
    1.0,
    1.0,
    0.699999988079071,
    0.8500000238418579,
    0.7900000214576721,
    0.8500000238418579,
    0.75,
    0.9599999785423279,
    0.8500000238418579,
    1.0,
    0.9300000071525574,
    0.8799999952316284,
    0.8799999952316284,
    0.7699999809265137,
    0.75,
    0.7099999785423279,
    0.9200000166893005,
    0.8600000143051147,
    1.0,
    0.8899999856948853,
    0.8399999737739563,
    0.9399999976158142,
    0.9300000071525574,
    0.8500000238418579,
    0.699999988079071,
    0.7200000286102295,
    0.7099999785423279,
    0.918367326259613,
    0.8899999856948853,
    0.8899999856948853,
    0.949999988079071,
    1.0,
    0.9387755393981934,
    0.9700000286102295,
    0.949999988079071,
    1.0,
    0.949999988079071,
    0.8999999761581421,
    0.9387755393981934,
    0.7200000286102295,
    0.8899999856948853,
    0.8899999856948853,
    0.7099999785423279,
    0.8600000143051147,
    0.8199999928474426,
    0.8600000143051147,
    0.8700000047683716,
    0.6899999976158142,
    1.0,
    0.699999988079071,
    0.75,
    0.7200000286102295,
    1.0,
    0.9399999976158142,
    0.8799999952316284,
    0.7099999785423279,
    0.9700000286102295,
    0.699999988079071,
    0.8600000143051147,
    0.9200000166893005,
    0.699999988079071,
    1.0,
    0.9399999976158142,
    0.8600000143051147,
    0.9399999976158142,
    0.8899999856948853
  ]
}