{
  "episodes": 100,
  "seed_base": 456,
  "cfg_overrides": {},
  "success_count": 69,
  "crash_count": 0,
  "oob_touch_count": 0,
  "oob_touch_rate": 0.0,
  "oob_touch_episode_count": 0,
  "oob_touch_episode_rate": 0.0,
  "success_rate_mean": 0.6899999976158142,
  "success_rate_std": 0.46249327063560486,
  "steps_mean": 1116.6199951171875,
  "steps_std": 880.0404663085938,
  "mean_steps_success": 540.0289916992188,
  "std_steps_success": 223.56077575683594,
  "crash_rate_mean": 0.0,
  "crash_rate_std": 0.0,
  "yaw_rate_abs_mean": 0.2314002960920334,
  "yaw_rate_abs_p95": 0.5955502986907959,
  "dv_xy_mean": 0.22449447214603424,
  "coverage_mean": 0.867510199546814,
  "coverage_min": 0.6700000166893005,
  "coverage_ge_090_rate": 0.47,
  "coverage_ge_093_rate": 0.35,
  "coverage_ge_095_rate": 0.27,
  "overlap_mean": 14.286032676696777,
  "time_to_95_mean": 1892.780029296875,
  "covered_cells_mean": 78.30999755859375,
  "total_cells_mean": 91.33000183105469,
  "coverage_episode": [
    0.7200000286102295,
    0.8399999737739563,
    1.0,
    0.8700000047683716,
    0.9300000071525574,
    0.75,
    0.8100000023841858,
    0.7300000190734863,
    0.9795918464660645,
    0.8299999833106995,
    0.8700000047683716,
    0.9599999785423279,
    0.918367326259613,
    0.6899999976158142,
    0.8500000238418579,
    0.7599999904632568,
    0.918367326259613,
    0.8799999952316284,
    0.8799999952316284,
    0.8700000047683716,
    1.0,
    0.7300000190734863,
    0.9300000071525574,
    0.9300000071525574,
    0.949999988079071,
    0.7900000214576721,
    0.8399999737739563,
    0.7200000286102295,
    0.9100000262260437,
    0.75,
    0.7599999904632568,
    0.8299999833106995,
    0.8899999856948853,
    0.8600000143051147,
    0.8979591727256775,
    1.0,
    0.75,
    0.8100000023841858,
    0.800000011920929,
    0.949999988079071,
    0.7099999785423279,
    1.0,
    0.8700000047683716,
    1.0,
    0.8999999761581421,
    0.6700000166893005,
    0.9599999785423279,
    0.7200000286102295,
    0.6800000071525574,
    0.75,
    0.9399999976158142,
    0.8299999833106995,
    1.0,
    0.7300000190734863,
    0.800000011920929,
    0.949999988079071,
    0.9300000071525574,
    0.8600000143051147,
    0.6899999976158142,
    0.9700000286102295,
    0.9599999785423279,
    0.9387755393981934,
    0.8999999761581421,
    0.8500000238418579,
    0.949999988079071,
    0.9795918464660645,
    1.0,
    0.9300000071525574,
    0.6899999976158142,
    1.0,
    0.949999988079071,
    0.8399999737739563,
    0.918367326259613,
    0.7699999809265137,
    0.9100000262260437,
    0.9100000262260437,
    1.0,
    0.8700000047683716,
    0.8500000238418579,
    0.8999999761581421,
    0.8600000143051147,
    0.7099999785423279,
    1.0,
    0.7200000286102295,
    0.8199999928474426,
    0.7300000190734863,
    1.0,
    0.949999988079071,
    0.9100000262260437,
    0.7300000190734863,
    0.9900000095367432,
    0.7400000095367432,
    0.9100000262260437,
    0.9900000095367432,
    0.7699999809265137,
    1.0,
    0.9599999785423279,
    0.9200000166893005,
    0.9399999976158142,
    0.8700000047683716
  ]
}