{
  "episodes": 50,
  "seed_base": 9,
  "success_rate_mean": 1.0,
  "success_rate_std": 0.0,
  "steps_mean": 202.89999389648438,
  "steps_std": 31.785690307617188,
  "mean_steps_success": 202.89999389648438,
  "std_steps_success": 31.785690307617188,
  "crash_rate_mean": 0.0,
  "crash_rate_std": 0.0
}