{
  "episodes": 50,
  "seed_base": 5,
  "success_rate_mean": 1.0,
  "success_rate_std": 0.0,
  "steps_mean": 201.74000549316406,
  "steps_std": 32.254493713378906,
  "mean_steps_success": 201.74000549316406,
  "std_steps_success": 32.254493713378906,
  "crash_rate_mean": 0.0,
  "crash_rate_std": 0.0
}