{
  "episodes": 50,
  "seed_base": 4,
  "success_rate_mean": 1.0,
  "success_rate_std": 0.0,
  "steps_mean": 202.32000732421875,
  "steps_std": 32.38854217529297,
  "mean_steps_success": 202.32000732421875,
  "std_steps_success": 32.38854217529297,
  "crash_rate_mean": 0.0,
  "crash_rate_std": 0.0
}