{
  "episodes": 50,
  "seed_base": 6,
  "success_rate_mean": 1.0,
  "success_rate_std": 0.0,
  "steps_mean": 202.66000366210938,
  "steps_std": 31.875764846801758,
  "mean_steps_success": 202.66000366210938,
  "std_steps_success": 31.875764846801758,
  "crash_rate_mean": 0.0,
  "crash_rate_std": 0.0
}