{
  "episodes": 50,
  "seed_base": 10,
  "success_rate_mean": 1.0,
  "success_rate_std": 0.0,
  "steps_mean": 200.82000732421875,
  "steps_std": 29.39638900756836,
  "mean_steps_success": 200.82000732421875,
  "std_steps_success": 29.39638900756836,
  "crash_rate_mean": 0.0,
  "crash_rate_std": 0.0
}