{
  "episodes": 50,
  "seed_base": 8,
  "success_rate_mean": 1.0,
  "success_rate_std": 0.0,
  "steps_mean": 202.75999450683594,
  "steps_std": 31.993473052978516,
  "mean_steps_success": 202.75999450683594,
  "std_steps_success": 31.993473052978516,
  "crash_rate_mean": 0.0,
  "crash_rate_std": 0.0
}