{
  "episodes": 100,
  "seed_base": 3,
  "cfg_overrides": {
    "scan_cov_finish2_thresh": 0.96,
    "scan_k_cov_gain_finish2": 0.03
  },
  "success_count": 75,
  "crash_count": 0,
  "oob_touch_count": 0,
  "oob_touch_rate": 0.0,
  "oob_touch_episode_count": 0,
  "oob_touch_episode_rate": 0.0,
  "success_rate_mean": 0.75,
  "success_rate_std": 0.4330126941204071,
  "steps_mean": 1163.0699462890625,
  "steps_std": 786.8167724609375,
  "mean_steps_success": 750.760009765625,
  "std_steps_success": 381.3693542480469,
  "crash_rate_mean": 0.0,
  "crash_rate_std": 0.0,
  "yaw_rate_abs_mean": 0.23571233451366425,
  "yaw_rate_abs_p95": 0.5960489511489868,
  "dv_xy_mean": 0.2220315933227539,
  "coverage_mean": 0.8839429616928101,
  "coverage_min": 0.6700000166893005,
  "coverage_ge_090_rate": 0.47,
  "coverage_ge_093_rate": 0.41,
  "coverage_ge_095_rate": 0.31,
  "overlap_mean": 15.25540542602539,
  "time_to_95_mean": 1847.780029296875,
  "covered_cells_mean": 78.8499984741211,
  "total_cells_mean": 90.30999755859375,
  "coverage_episode": [
    0.8700000047683716,
    1.0,
    0.7300000190734863,
    0.75,
    0.8700000047683716,
    0.6700000166893005,
    0.949999988079071,
    1.0,
    1.0,
    1.0,
    0.8600000143051147,
    0.949999988079071,
    0.9387755393981934,
    0.9399999976158142,
    0.8600000143051147,
    0.9387755393981934,
    0.9591836929321289,
    0.9100000262260437,
    1.0,
    0.8899999856948853,
    1.0,
    0.9300000071525574,
    0.8100000023841858,
    0.7300000190734863,
    0.699999988079071,
    0.9591836929321289,
    0.8600000143051147,
    0.7099999785423279,
    0.949999988079071,
    0.9599999785423279,
    0.9300000071525574,
    0.8999999761581421,
    0.8500000238418579,
    0.949999988079071,
    0.8100000023841858,
    0.7300000190734863,
    0.9599999785423279,
    1.0,
    0.7200000286102295,
    0.8500000238418579,
    0.9399999976158142,
    0.8899999856948853,
    0.9300000071525574,
    0.75,
    1.0,
    0.9700000286102295,
    0.7699999809265137,
    0.8299999833106995,
    0.75,
    1.0,
    0.8600000143051147,
    0.8600000143051147,
    0.9100000262260437,
    0.9100000262260437,
    0.8799999952316284,
    1.0,
    0.8500000238418579,
    0.7599999904632568,
    0.8799999952316284,
    0.9700000286102295,
    0.8600000143051147,
    0.7099999785423279,
    1.0,
    0.8799999952316284,
    0.9300000071525574,
    0.7300000190734863,
    0.8799999952316284,
    0.7599999904632568,
    0.8700000047683716,
    1.0,
    0.8600000143051147,
    0.9300000071525574,
    0.7699999809265137,
    0.8399999737739563,
    0.8799999952316284,
    0.8799999952316284,
    1.0,
    0.9399999976158142,
    0.8799999952316284,
    0.8799999952316284,
    0.8899999856948853,
    0.8100000023841858,
    0.699999988079071,
    0.8899999856948853,
    0.8799999952316284,
    0.949999988079071,
    0.9591836929321289,
    0.9900000095367432,
    0.75,
    0.8500000238418579,
    0.9599999785423279,
    1.0,
    0.800000011920929,
    0.9100000262260437,
    0.8500000238418579,
    0.8399999737739563,
    0.949999988079071,
    0.9591836929321289,
    0.8999999761581421,
    0.9700000286102295
  ]
}