{
  "episodes": 100,
  "seed_base": 456,
  "cfg_overrides": {
    "scan_cov_finish2_thresh": 0.96,
    "scan_k_cov_gain_finish2": 0.03
  },
  "success_count": 65,
  "crash_count": 0,
  "oob_touch_count": 0,
  "oob_touch_rate": 0.0,
  "oob_touch_episode_count": 0,
  "oob_touch_episode_rate": 0.0,
  "success_rate_mean": 0.6499999761581421,
  "success_rate_std": 0.47696956992149353,
  "steps_mean": 1320.1600341796875,
  "steps_std": 876.6905517578125,
  "mean_steps_success": 738.7077026367188,
  "std_steps_success": 465.2723083496094,
  "crash_rate_mean": 0.0,
  "crash_rate_std": 0.0,
  "yaw_rate_abs_mean": 0.22571046650409698,
  "yaw_rate_abs_p95": 0.5919819474220276,
  "dv_xy_mean": 0.22506630420684814,
  "coverage_mean": 0.8615796566009521,
  "coverage_min": 0.6899999976158142,
  "coverage_ge_090_rate": 0.38,
  "coverage_ge_093_rate": 0.33,
  "coverage_ge_095_rate": 0.26,
  "overlap_mean": 16.749963760375977,
  "time_to_95_mean": 1931.1099853515625,
  "covered_cells_mean": 77.54000091552734,
  "total_cells_mean": 91.33000183105469,
  "coverage_episode": [
    0.75,
    0.8899999856948853,
    1.0,
    0.8899999856948853,
    0.9100000262260437,
    0.75,
    0.8399999737739563,
    0.75,
    0.9795918464660645,
    0.7200000286102295,
    0.8700000047683716,
    0.949999988079071,
    1.0,
    0.9300000071525574,
    0.8600000143051147,
    0.75,
    1.0,
    0.8600000143051147,
    0.8799999952316284,
    0.8600000143051147,
    1.0,
    0.7300000190734863,
    0.949999988079071,
    0.8600000143051147,
    0.9599999785423279,
    0.8799999952316284,
    0.8199999928474426,
    0.7099999785423279,
    0.8899999856948853,
    0.75,
    0.7300000190734863,
    0.8600000143051147,
    0.8899999856948853,
    0.8199999928474426,
    1.0,
    1.0,
    0.75,
    0.8399999737739563,
    0.8999999761581421,
    0.8799999952316284,
    0.7699999809265137,
    0.7699999809265137,
    0.7300000190734863,
    1.0,
    0.8999999761581421,
    0.699999988079071,
    0.9399999976158142,
    0.7599999904632568,
    0.7699999809265137,
    0.75,
    0.9100000262260437,
    0.7300000190734863,
    1.0,
    0.7200000286102295,
    0.8199999928474426,
    0.9300000071525574,
    0.8299999833106995,
    0.8500000238418579,
    0.699999988079071,
    1.0,
    0.9700000286102295,
    0.9795918464660645,
    0.8799999952316284,
    0.8799999952316284,
    0.7099999785423279,
    1.0,
    1.0,
    0.949999988079071,
    0.9399999976158142,
    1.0,
    0.9599999785423279,
    0.8100000023841858,
    0.9387755393981934,
    0.75,
    0.8799999952316284,
    0.8799999952316284,
    0.75,
    0.8700000047683716,
    0.8700000047683716,
    0.7300000190734863,
    0.8700000047683716,
    0.6899999976158142,
    1.0,
    0.7200000286102295,
    0.7699999809265137,
    0.7099999785423279,
    1.0,
    0.949999988079071,
    0.8899999856948853,
    0.699999988079071,
    0.9700000286102295,
    0.75,
    0.9100000262260437,
    0.9300000071525574,
    0.7400000095367432,
    1.0,
    0.9300000071525574,
    0.8199999928474426,
    0.9700000286102295,
    0.8500000238418579
  ]
}