{
  "episodes": 100,
  "seed_base": 456,
  "cfg_overrides": {
    "scan_cov_late_thresh": 0.85,
    "scan_k_cov_gain_late": 0.008,
    "scan_k_cov_stall": 0.0,
    "scan_oob_grace_steps": 3,
    "scan_k_cov_gain": 0.0125,
    "scan_debug_oob": false
  },
  "success_count": 54,
  "crash_count": 0,
  "oob_touch_count": 0,
  "oob_touch_rate": 0.0,
  "oob_touch_episode_count": 0,
  "oob_touch_episode_rate": 0.0,
  "success_rate_mean": 0.5400000214576721,
  "success_rate_std": 0.4983973801136017,
  "steps_mean": 1378.1500244140625,
  "steps_std": 953.34423828125,
  "mean_steps_success": 507.6851806640625,
  "std_steps_success": 189.44801330566406,
  "crash_rate_mean": 0.0,
  "crash_rate_std": 0.0,
  "yaw_rate_abs_mean": 0.21107777953147888,
  "yaw_rate_abs_p95": 0.5822591185569763,
  "dv_xy_mean": 0.23268146812915802,
  "coverage_mean": 0.8389367461204529,
  "coverage_min": 0.6700000166893005,
  "overlap_mean": 19.216869354248047,
  "time_to_95_mean": 2196.97998046875,
  "covered_cells_mean": 75.63999938964844,
  "total_cells_mean": 91.33000183105469
}