{
  "episodes": 100,
  "seed_base": 456,
  "cfg_overrides": {
    "scan_k_cov_gain_boundary": 0.025
  },
  "success_count": 62,
  "crash_count": 0,
  "oob_touch_count": 0,
  "oob_touch_rate": 0.0,
  "oob_touch_episode_count": 0,
  "oob_touch_episode_rate": 0.0,
  "success_rate_mean": 0.6200000047683716,
  "success_rate_std": 0.4853864312171936,
  "steps_mean": 1264.6400146484375,
  "steps_std": 928.8821411132812,
  "mean_steps_success": 568.774169921875,
  "std_steps_success": 342.5798645019531,
  "crash_rate_mean": 0.0,
  "crash_rate_std": 0.0,
  "yaw_rate_abs_mean": 0.21762241423130035,
  "yaw_rate_abs_p95": 0.5919819474220276,
  "dv_xy_mean": 0.22881735861301422,
  "coverage_mean": 0.8493306040763855,
  "coverage_min": 0.6700000166893005,
  "coverage_ge_090_rate": 0.43,
  "coverage_ge_093_rate": 0.29,
  "coverage_ge_095_rate": 0.19,
  "overlap_mean": 16.813579559326172,
  "time_to_95_mean": 2031.81005859375,
  "covered_cells_mean": 76.44000244140625,
  "total_cells_mean": 91.33000183105469,
  "coverage_episode": [
    0.7200000286102295,
    0.8700000047683716,
    0.9387755393981934,
    0.9300000071525574,
    0.9200000166893005,
    0.6899999976158142,
    0.8500000238418579,
    0.7599999904632568,
    1.0,
    0.9100000262260437,
    0.949999988079071,
    0.9399999976158142,
    1.0,
    0.9300000071525574,
    0.8500000238418579,
    0.7599999904632568,
    0.9387755393981934,
    0.8500000238418579,
    0.9100000262260437,
    0.8500000238418579,
    0.918367326259613,
    0.699999988079071,
    0.6899999976158142,
    0.8600000143051147,
    0.949999988079071,
    0.8899999856948853,
    0.8399999737739563,
    0.699999988079071,
    0.8999999761581421,
    0.75,
    0.699999988079071,
    0.8399999737739563,
    0.8799999952316284,
    0.9100000262260437,
    1.0,
    1.0,
    0.6899999976158142,
    0.8399999737739563,
    0.8999999761581421,
    0.9399999976158142,
    0.7300000190734863,
    0.7599999904632568,
    0.8299999833106995,
    1.0,
    0.9399999976158142,
    0.699999988079071,
    0.9100000262260437,
    0.75,
    0.7300000190734863,
    0.7599999904632568,
    0.9200000166893005,
    0.8199999928474426,
    1.0,
    0.699999988079071,
    0.9100000262260437,
    0.9599999785423279,
    0.8500000238418579,
    0.8500000238418579,
    0.6899999976158142,
    0.9599999785423279,
    0.6700000166893005,
    0.918367326259613,
    0.8399999737739563,
    0.9300000071525574,
    0.7099999785423279,
    1.0,
    1.0,
    0.7599999904632568,
    0.699999988079071,
    1.0,
    0.949999988079071,
    0.8899999856948853,
    0.9387755393981934,
    0.699999988079071,
    0.8399999737739563,
    0.8799999952316284,
    0.699999988079071,
    0.8600000143051147,
    0.8999999761581421,
    0.8700000047683716,
    0.8500000238418579,
    0.699999988079071,
    1.0,
    0.7400000095367432,
    0.7699999809265137,
    0.6899999976158142,
    1.0,
    0.699999988079071,
    0.9300000071525574,
    0.699999988079071,
    0.949999988079071,
    0.699999988079071,
    0.8999999761581421,
    0.9200000166893005,
    0.75,
    1.0,
    0.6899999976158142,
    0.8199999928474426,
    0.9900000095367432,
    0.8399999737739563
  ]
}