{
  "episodes": 100,
  "seed_base": 1,
  "cfg_overrides": {
    "scan_path_len_scale_min": 2.0,
    "scan_path_len_scale_max": 2.0
  },
  "success_count": 98,
  "crash_count": 0,
  "oob_touch_count": 0,
  "oob_touch_rate": 0.0,
  "oob_touch_episode_count": 0,
  "oob_touch_episode_rate": 0.0,
  "success_rate_mean": 0.9800000190734863,
  "success_rate_std": 0.14000000059604645,
  "steps_mean": 557.780029296875,
  "steps_std": 614.23974609375,
  "mean_steps_success": 471.2040710449219,
  "std_steps_success": 101.09793853759766,
  "crash_rate_mean": 0.0,
  "crash_rate_std": 0.0,
  "yaw_rate_abs_mean": 0.4540914297103882,
  "yaw_rate_abs_p95": 0.5999999046325684,
  "dv_xy_mean": 0.13781297206878662,
  "scan_max_steps_base": 2400,
  "path_len_scale": 2.0,
  "scan_max_steps_eff": 4800,
  "scan_max_steps_cap_hit": false,
  "coverage_mean": 0.943554699420929,
  "coverage_min": 0.60546875,
  "coverage_ge_090_rate": 0.95,
  "coverage_ge_093_rate": 0.64,
  "coverage_ge_095_rate": 0.43,
  "overlap_mean": 1.5937836170196533,
  "time_to_95_mean": 2936.179931640625,
  "covered_cells_mean": 241.5500030517578,
  "total_cells_mean": 256.0,
  "coverage_episode": [
    0.9609375,
    0.9296875,
    0.9296875,
    0.9453125,
    0.93359375,
    0.9296875,
    0.94921875,
    0.99609375,
    0.95703125,
    0.921875,
    0.921875,
    0.94140625,
    0.94140625,
    0.984375,
    0.96484375,
    0.89453125,
    0.93359375,
    0.94140625,
    0.9453125,
    0.97265625,
    0.93359375,
    0.97265625,
    0.953125,
    0.97265625,
    0.89453125,
    0.9140625,
    0.9375,
    0.90234375,
    0.921875,
    0.91796875,
    0.9296875,
    0.9140625,
    0.9140625,
    0.98046875,
    0.60546875,
    0.92578125,
    0.9296875,
    0.92578125,
    0.92578125,
    0.9140625,
    0.97265625,
    0.9453125,
    0.97265625,
    0.9609375,
    0.984375,
    0.95703125,
    0.93359375,
    0.97265625,
    0.96875,
    0.97265625,
    0.96484375,
    0.89453125,
    0.96875,
    0.9765625,
    0.87890625,
    0.91796875,
    0.97265625,
    0.9453125,
    0.91015625,
    0.90625,
    0.97265625,
    0.9375,
    0.98046875,
    0.9375,
    0.9296875,
    0.98828125,
    0.921875,
    0.984375,
    0.97265625,
    0.9609375,
    0.9921875,
    0.921875,
    0.98828125,
    0.9140625,
    0.9765625,
    0.9921875,
    0.921875,
    0.97265625,
    0.921875,
    0.93359375,
    0.9765625,
    0.98046875,
    0.9296875,
    0.97265625,
    0.98828125,
    0.9375,
    0.984375,
    0.95703125,
    0.95703125,
    0.9375,
    0.91015625,
    0.9375,
    0.9296875,
    0.9453125,
    0.92578125,
    0.984375,
    0.984375,
    0.92578125,
    0.97265625,
    0.94140625
  ]
}