{
  "episodes": 100,
  "seed_base": 1,
  "success_count": 72,
  "crash_count": 0,
  "oob_touch_count": 0,
  "oob_touch_rate": 0.0,
  "oob_touch_episode_count": 0,
  "oob_touch_episode_rate": 0.0,
  "success_rate_mean": 0.7200000286102295,
  "success_rate_std": 0.4489988386631012,
  "steps_mean": 1182.9100341796875,
  "steps_std": 844.3192749023438,
  "mean_steps_success": 709.5972290039062,
  "std_steps_success": 435.906982421875,
  "crash_rate_mean": 0.0,
  "crash_rate_std": 0.0,
  "yaw_rate_abs_mean": 0.2257426381111145,
  "yaw_rate_abs_p95": 0.593986451625824,
  "dv_xy_mean": 0.2256040871143341,
  "coverage_mean": 0.868379533290863,
  "coverage_min": 0.6800000071525574,
  "overlap_mean": 16.314697265625,
  "time_to_95_mean": 2064.610107421875,
  "covered_cells_mean": 77.19999694824219,
  "total_cells_mean": 89.80000305175781
}