{
  "episodes": 100,
  "seed_base": 2,
  "success_count": 72,
  "crash_count": 0,
  "oob_touch_count": 0,
  "oob_touch_rate": 0.0,
  "oob_touch_episode_count": 0,
  "oob_touch_episode_rate": 0.0,
  "success_rate_mean": 0.7200000286102295,
  "success_rate_std": 0.4489988386631012,
  "steps_mean": 1186.4599609375,
  "steps_std": 842.141845703125,
  "mean_steps_success": 714.5277709960938,
  "std_steps_success": 435.4026184082031,
  "crash_rate_mean": 0.0,
  "crash_rate_std": 0.0,
  "yaw_rate_abs_mean": 0.22556927800178528,
  "yaw_rate_abs_p95": 0.593986451625824,
  "dv_xy_mean": 0.22564592957496643,
  "coverage_mean": 0.8679795861244202,
  "coverage_min": 0.6800000071525574,
  "overlap_mean": 16.356761932373047,
  "time_to_95_mean": 2064.610107421875,
  "covered_cells_mean": 77.16000366210938,
  "total_cells_mean": 89.80000305175781
}