{
  "episodes": 100,
  "seed_base": 3,
  "success_count": 72,
  "crash_count": 0,
  "oob_touch_count": 0,
  "oob_touch_rate": 0.0,
  "oob_touch_episode_count": 0,
  "oob_touch_episode_rate": 0.0,
  "success_rate_mean": 0.7200000286102295,
  "success_rate_std": 0.4489988386631012,
  "steps_mean": 1192.1099853515625,
  "steps_std": 839.583251953125,
  "mean_steps_success": 722.375,
  "std_steps_success": 437.0225524902344,
  "crash_rate_mean": 0.0,
  "crash_rate_std": 0.0,
  "yaw_rate_abs_mean": 0.22585177421569824,
  "yaw_rate_abs_p95": 0.593986451625824,
  "dv_xy_mean": 0.22550037503242493,
  "coverage_mean": 0.8679795861244202,
  "coverage_min": 0.6800000071525574,
  "overlap_mean": 16.358200073242188,
  "time_to_95_mean": 2070.360107421875,
  "covered_cells_mean": 77.66999816894531,
  "total_cells_mean": 90.30999755859375
}