{
  "episodes": 100,
  "seed_base": 456,
  "success_count": 69,
  "crash_count": 0,
  "oob_touch_count": 0,
  "oob_touch_rate": 0.0,
  "oob_touch_episode_count": 0,
  "oob_touch_episode_rate": 0.0,
  "success_rate_mean": 0.6899999976158142,
  "success_rate_std": 0.46249324083328247,
  "steps_mean": 1223.0400390625,
  "steps_std": 868.2786254882812,
  "mean_steps_success": 694.2608642578125,
  "std_steps_success": 436.6473388671875,
  "crash_rate_mean": 0.0,
  "crash_rate_std": 0.0,
  "yaw_rate_abs_mean": 0.22438931465148926,
  "yaw_rate_abs_p95": 0.5921217203140259,
  "dv_xy_mean": 0.22617566585540771,
  "coverage_mean": 0.8551551103591919,
  "coverage_min": 0.6700000166893005,
  "overlap_mean": 15.695982933044434,
  "time_to_95_mean": 2026.1300048828125,
  "covered_cells_mean": 76.95999908447266,
  "total_cells_mean": 91.33000183105469
}