{
  "episodes": 100,
  "seed_base": 2,
  "cfg_overrides": {},
  "success_count": 75,
  "crash_count": 0,
  "oob_touch_count": 0,
  "oob_touch_rate": 0.0,
  "oob_touch_episode_count": 0,
  "oob_touch_episode_rate": 0.0,
  "success_rate_mean": 0.75,
  "success_rate_std": 0.4330126941204071,
  "steps_mean": 939.4500122070312,
  "steps_std": 857.3310546875,
  "mean_steps_success": 452.6000061035156,
  "std_steps_success": 178.69012451171875,
  "crash_rate_mean": 0.0,
  "crash_rate_std": 0.0,
  "yaw_rate_abs_mean": 0.24033184349536896,
  "yaw_rate_abs_p95": 0.5982996821403503,
  "dv_xy_mean": 0.22159190475940704,
  "coverage_mean": 0.8806182742118835,
  "coverage_min": 0.6899999976158142,
  "coverage_ge_090_rate": 0.49,
  "coverage_ge_093_rate": 0.4,
  "coverage_ge_095_rate": 0.28,
  "overlap_mean": 12.605982780456543,
  "time_to_95_mean": 1846.550048828125,
  "covered_cells_mean": 78.06999969482422,
  "total_cells_mean": 89.80000305175781,
  "coverage_episode": [
    1.0,
    0.8399999737739563,
    1.0,
    0.8999999761581421,
    0.7200000286102295,
    0.8700000047683716,
    0.6899999976158142,
    0.9399999976158142,
    1.0,
    1.0,
    0.918367326259613,
    0.8600000143051147,
    0.949999988079071,
    0.9387755393981934,
    0.9399999976158142,
    0.8899999856948853,
    0.918367326259613,
    0.9795918464660645,
    0.8100000023841858,
    1.0,
    0.9300000071525574,
    1.0,
    0.949999988079071,
    0.8700000047683716,
    0.7599999904632568,
    0.6899999976158142,
    0.9387755393981934,
    0.8299999833106995,
    0.699999988079071,
    0.949999988079071,
    0.8899999856948853,
    0.9399999976158142,
    0.949999988079071,
    0.8799999952316284,
    0.949999988079071,
    0.8500000238418579,
    0.699999988079071,
    0.949999988079071,
    1.0,
    0.75,
    0.8299999833106995,
    0.949999988079071,
    0.8600000143051147,
    0.9300000071525574,
    0.7400000095367432,
    0.9795918464660645,
    0.9900000095367432,
    0.9399999976158142,
    0.8999999761581421,
    0.7599999904632568,
    1.0,
    0.8799999952316284,
    0.8600000143051147,
    0.9200000166893005,
    0.9300000071525574,
    0.8100000023841858,
    0.9795918464660645,
    0.8700000047683716,
    0.7300000190734863,
    0.8999999761581421,
    0.7599999904632568,
    0.8500000238418579,
    0.75,
    0.699999988079071,
    0.8999999761581421,
    0.949999988079071,
    0.7400000095367432,
    0.8899999856948853,
    0.699999988079071,
    0.8899999856948853,
    1.0,
    0.8399999737739563,
    0.9300000071525574,
    0.8600000143051147,
    0.8700000047683716,
    0.8600000143051147,
    0.8799999952316284,
    1.0,
    0.9599999785423279,
    0.8199999928474426,
    0.9200000166893005,
    0.800000011920929,
    0.8700000047683716,
    0.6899999976158142,
    0.8899999856948853,
    0.8899999856948853,
    0.949999988079071,
    0.9387755393981934,
    0.699999988079071,
    0.6899999976158142,
    0.8399999737739563,
    0.9599999785423279,
    1.0,
    0.9100000262260437,
    0.949999988079071,
    0.8500000238418579,
    0.8399999737739563,
    0.9399999976158142,
    1.0,
    0.8799999952316284
  ]
}