{
  "episodes": 100,
  "seed_base": 456,
  "cfg_overrides": {},
  "success_count": 67,
  "crash_count": 0,
  "oob_touch_count": 0,
  "oob_touch_rate": 0.0,
  "oob_touch_episode_count": 0,
  "oob_touch_episode_rate": 0.0,
  "success_rate_mean": 0.6700000166893005,
  "success_rate_std": 0.4702127277851105,
  "steps_mean": 1119.800048828125,
  "steps_std": 915.4275512695312,
  "mean_steps_success": 489.25372314453125,
  "std_steps_success": 214.3445587158203,
  "crash_rate_mean": 0.0,
  "crash_rate_std": 0.0,
  "yaw_rate_abs_mean": 0.22608250379562378,
  "yaw_rate_abs_p95": 0.5959451794624329,
  "dv_xy_mean": 0.22717565298080444,
  "coverage_mean": 0.8544387817382812,
  "coverage_min": 0.6700000166893005,
  "coverage_ge_090_rate": 0.39,
  "coverage_ge_093_rate": 0.3,
  "coverage_ge_095_rate": 0.25,
  "overlap_mean": 14.704952239990234,
  "time_to_95_mean": 1899.260009765625,
  "covered_cells_mean": 76.93000030517578,
  "total_cells_mean": 91.33000183105469,
  "coverage_episode": [
    0.7300000190734863,
    0.8700000047683716,
    1.0,
    0.8799999952316284,
    0.949999988079071,
    0.6899999976158142,
    0.8700000047683716,
    0.7400000095367432,
    1.0,
    0.8399999737739563,
    0.8700000047683716,
    0.6800000071525574,
    1.0,
    0.9399999976158142,
    0.8500000238418579,
    0.75,
    0.9795918464660645,
    0.8399999737739563,
    0.8799999952316284,
    0.8399999737739563,
    1.0,
    0.6899999976158142,
    0.6800000071525574,
    0.8600000143051147,
    1.0,
    0.8899999856948853,
    0.8899999856948853,
    0.7200000286102295,
    0.9300000071525574,
    0.7599999904632568,
    0.949999988079071,
    0.8899999856948853,
    0.8999999761581421,
    0.8500000238418579,
    1.0,
    1.0,
    0.6700000166893005,
    0.8399999737739563,
    0.8100000023841858,
    0.8799999952316284,
    0.7599999904632568,
    0.9599999785423279,
    0.8700000047683716,
    1.0,
    0.9100000262260437,
    0.7200000286102295,
    0.8100000023841858,
    0.75,
    0.6899999976158142,
    0.699999988079071,
    0.8999999761581421,
    0.8600000143051147,
    1.0,
    0.6899999976158142,
    0.8100000023841858,
    0.9599999785423279,
    0.8399999737739563,
    0.8399999737739563,
    0.6899999976158142,
    0.9900000095367432,
    0.7599999904632568,
    0.9591836929321289,
    0.8299999833106995,
    0.8500000238418579,
    0.7099999785423279,
    1.0,
    0.918367326259613,
    0.9800000190734863,
    0.699999988079071,
    0.918367326259613,
    0.949999988079071,
    0.8999999761581421,
    0.9387755393981934,
    0.7300000190734863,
    0.9100000262260437,
    0.8799999952316284,
    0.75,
    0.8600000143051147,
    0.8600000143051147,
    0.8199999928474426,
    0.8600000143051147,
    0.6800000071525574,
    1.0,
    0.7300000190734863,
    0.699999988079071,
    0.6899999976158142,
    1.0,
    0.9300000071525574,
    0.9200000166893005,
    0.699999988079071,
    0.9700000286102295,
    0.6700000166893005,
    0.9100000262260437,
    0.9399999976158142,
    0.7300000190734863,
    0.9795918464660645,
    0.9900000095367432,
    0.8299999833106995,
    0.9599999785423279,
    0.8700000047683716
  ]
}