{
  "episodes": 100,
  "seed_base": 456,
  "success_count": 98,
  "crash_count": 0,
  "oob_touch_count": 0,
  "oob_touch_rate": 0.0,
  "oob_touch_episode_count": 0,
  "oob_touch_episode_rate": 0.0,
  "success_rate_mean": 0.9800000190734863,
  "success_rate_std": 0.14000000059604645,
  "steps_mean": 229.1999969482422,
  "steps_std": 263.0638732910156,
  "mean_steps_success": 193.06121826171875,
  "std_steps_success": 72.89954376220703,
  "crash_rate_mean": 0.0,
  "crash_rate_std": 0.0,
  "yaw_rate_abs_mean": 0.37660276889801025,
  "yaw_rate_abs_p95": 0.59993976354599,
  "dv_xy_mean": 0.19966433942317963,
  "coverage_mean": 0.9725347757339478,
  "coverage_min": 0.7346938848495483,
  "overlap_mean": 2.692375421524048,
  "time_to_95_mean": 346.739990234375,
  "covered_cells_mean": 88.75,
  "total_cells_mean": 91.33000183105469
}