{
  "episodes": 100,
  "seed_base": 456,
  "success_count": 9,
  "crash_count": 0,
  "oob_touch_count": 0,
  "oob_touch_rate": 0.0,
  "oob_touch_episode_count": 0,
  "oob_touch_episode_rate": 0.0,
  "success_rate_mean": 0.09000000357627869,
  "success_rate_std": 0.2861817181110382,
  "steps_mean": 2220.9599609375,
  "steps_std": 570.5355224609375,
  "mean_steps_success": 410.6666564941406,
  "std_steps_success": 124.53825378417969,
  "crash_rate_mean": 0.0,
  "crash_rate_std": 0.0,
  "yaw_rate_abs_mean": 0.13752248883247375,
  "yaw_rate_abs_p95": 0.4411243796348572,
  "dv_xy_mean": 0.2579120099544525,
  "coverage_mean": 0.7072408199310303,
  "coverage_min": 0.41999998688697815,
  "overlap_mean": 36.79511642456055,
  "time_to_95_mean": 2144.60009765625,
  "covered_cells_mean": 63.47999954223633,
  "total_cells_mean": 91.33000183105469
}