{
  "episodes": 100,
  "seed_base": 456,
  "cfg_overrides": {
    "scan_cov_late_thresh": 0.85,
    "scan_k_cov_gain_late": 0.01,
    "scan_k_cov_stall": 0.0,
    "scan_oob_grace_steps": 2,
    "scan_k_cov_gain": 0.0125,
    "scan_debug_oob": false
  },
  "success_count": 43,
  "crash_count": 0,
  "oob_touch_count": 0,
  "oob_touch_rate": 0.0,
  "oob_touch_episode_count": 0,
  "oob_touch_episode_rate": 0.0,
  "success_rate_mean": 0.4300000071525574,
  "success_rate_std": 0.4950757622718811,
  "steps_mean": 1579.97998046875,
  "steps_std": 959.2015991210938,
  "mean_steps_success": 492.97674560546875,
  "std_steps_success": 258.36376953125,
  "crash_rate_mean": 0.0,
  "crash_rate_std": 0.0,
  "yaw_rate_abs_mean": 0.2101225107908249,
  "yaw_rate_abs_p95": 0.5702010989189148,
  "dv_xy_mean": 0.2323002815246582,
  "coverage_mean": 0.8102020025253296,
  "coverage_min": 0.47999998927116394,
  "overlap_mean": 22.566125869750977,
  "time_to_95_mean": 2046.8399658203125,
  "covered_cells_mean": 72.5999984741211,
  "total_cells_mean": 91.33000183105469
}