{
  "episodes": 100,
  "seed_base": 456,
  "cfg_overrides": {
    "scan_k_cov_gain_boundary": 0.03
  },
  "success_count": 64,
  "crash_count": 0,
  "oob_touch_count": 0,
  "oob_touch_rate": 0.0,
  "oob_touch_episode_count": 0,
  "oob_touch_episode_rate": 0.0,
  "success_rate_mean": 0.6399999856948853,
  "success_rate_std": 0.48000001907348633,
  "steps_mean": 1195.719970703125,
  "steps_std": 932.08984375,
  "mean_steps_success": 518.3125,
  "std_steps_success": 287.7803649902344,
  "crash_rate_mean": 0.0,
  "crash_rate_std": 0.0,
  "yaw_rate_abs_mean": 0.225677952170372,
  "yaw_rate_abs_p95": 0.5954898595809937,
  "dv_xy_mean": 0.22739744186401367,
  "coverage_mean": 0.8466388583183289,
  "coverage_min": 0.6600000262260437,
  "coverage_ge_090_rate": 0.37,
  "coverage_ge_093_rate": 0.25,
  "coverage_ge_095_rate": 0.17,
  "overlap_mean": 16.145261764526367,
  "time_to_95_mean": 2055.35009765625,
  "covered_cells_mean": 76.1500015258789,
  "total_cells_mean": 91.33000183105469,
  "coverage_episode": [
    0.7300000190734863,
    0.8700000047683716,
    1.0,
    0.8700000047683716,
    0.9399999976158142,
    0.6800000071525574,
    0.8399999737739563,
    0.6899999976158142,
    1.0,
    0.8700000047683716,
    0.8999999761581421,
    0.9599999785423279,
    1.0,
    0.9300000071525574,
    0.8100000023841858,
    0.699999988079071,
    0.918367326259613,
    0.8700000047683716,
    0.8500000238418579,
    0.8600000143051147,
    1.0,
    0.9399999976158142,
    0.9300000071525574,
    0.9100000262260437,
    0.75,
    0.8700000047683716,
    0.8500000238418579,
    0.6899999976158142,
    0.8500000238418579,
    0.6800000071525574,
    0.6700000166893005,
    0.8899999856948853,
    0.8299999833106995,
    0.8199999928474426,
    1.0,
    1.0,
    0.699999988079071,
    0.8700000047683716,
    0.8799999952316284,
    0.8700000047683716,
    0.7699999809265137,
    0.6899999976158142,
    0.8500000238418579,
    1.0,
    0.8500000238418579,
    0.6899999976158142,
    0.8600000143051147,
    0.7400000095367432,
    0.7599999904632568,
    0.699999988079071,
    0.9200000166893005,
    0.8199999928474426,
    1.0,
    0.699999988079071,
    0.8199999928474426,
    0.8999999761581421,
    0.8199999928474426,
    0.8600000143051147,
    0.6899999976158142,
    0.9200000166893005,
    0.9399999976158142,
    0.9387755393981934,
    0.8399999737739563,
    0.8399999737739563,
    0.6899999976158142,
    1.0,
    0.918367326259613,
    0.949999988079071,
    0.7099999785423279,
    1.0,
    0.8100000023841858,
    0.8600000143051147,
    0.9387755393981934,
    0.7300000190734863,
    0.8999999761581421,
    0.8600000143051147,
    0.7099999785423279,
    0.8600000143051147,
    0.8999999761581421,
    0.8999999761581421,
    0.8500000238418579,
    0.6700000166893005,
    0.9795918464660645,
    0.7300000190734863,
    0.75,
    0.699999988079071,
    1.0,
    0.9800000190734863,
    0.8500000238418579,
    0.699999988079071,
    0.9599999785423279,
    0.6899999976158142,
    0.9200000166893005,
    0.9100000262260437,
    0.6800000071525574,
    1.0,
    0.9399999976158142,
    0.8899999856948853,
    0.6600000262260437,
    0.8600000143051147
  ]
}