{
  "episodes": 100,
  "seed_base": 456,
  "cfg_overrides": {
    "scan_k_cov_gain_boundary": 0.015
  },
  "success_count": 61,
  "crash_count": 0,
  "oob_touch_count": 0,
  "oob_touch_rate": 0.0,
  "oob_touch_episode_count": 0,
  "oob_touch_episode_rate": 0.0,
  "success_rate_mean": 0.6100000143051147,
  "success_rate_std": 0.48774993419647217,
  "steps_mean": 1533.1400146484375,
  "steps_std": 878.2003173828125,
  "mean_steps_success": 978.9180297851562,
  "std_steps_success": 690.4535522460938,
  "crash_rate_mean": 0.0,
  "crash_rate_std": 0.0,
  "yaw_rate_abs_mean": 0.21388454735279083,
  "yaw_rate_abs_p95": 0.5833165645599365,
  "dv_xy_mean": 0.22779320180416107,
  "coverage_mean": 0.8519183397293091,
  "coverage_min": 0.6800000071525574,
  "coverage_ge_090_rate": 0.37,
  "coverage_ge_093_rate": 0.27,
  "coverage_ge_095_rate": 0.21,
  "overlap_mean": 20.75751495361328,
  "time_to_95_mean": 2015.6800537109375,
  "covered_cells_mean": 76.7300033569336,
  "total_cells_mean": 91.33000183105469,
  "coverage_episode": [
    0.7200000286102295,
    0.8700000047683716,
    1.0,
    0.8500000238418579,
    0.9399999976158142,
    0.7300000190734863,
    0.7300000190734863,
    0.7300000190734863,
    1.0,
    0.8700000047683716,
    0.9100000262260437,
    0.6899999976158142,
    1.0,
    0.9599999785423279,
    0.8700000047683716,
    0.75,
    1.0,
    0.8399999737739563,
    0.8399999737739563,
    0.8700000047683716,
    1.0,
    0.7300000190734863,
    0.6899999976158142,
    0.8600000143051147,
    0.9599999785423279,
    0.9200000166893005,
    0.8199999928474426,
    0.699999988079071,
    0.9200000166893005,
    0.7400000095367432,
    0.949999988079071,
    0.8399999737739563,
    0.8899999856948853,
    0.8799999952316284,
    0.9387755393981934,
    1.0,
    0.7400000095367432,
    0.8299999833106995,
    0.8799999952316284,
    0.8899999856948853,
    0.7699999809265137,
    0.7400000095367432,
    0.8600000143051147,
    1.0,
    0.9100000262260437,
    0.7099999785423279,
    0.9200000166893005,
    0.6800000071525574,
    0.7099999785423279,
    0.75,
    0.8899999856948853,
    0.8399999737739563,
    1.0,
    0.7300000190734863,
    0.8600000143051147,
    0.9700000286102295,
    0.8700000047683716,
    0.8600000143051147,
    0.699999988079071,
    0.75,
    0.949999988079071,
    0.918367326259613,
    0.8700000047683716,
    0.8700000047683716,
    0.9599999785423279,
    0.9591836929321289,
    0.918367326259613,
    0.9399999976158142,
    0.6800000071525574,
    1.0,
    0.9300000071525574,
    0.8700000047683716,
    0.918367326259613,
    0.7200000286102295,
    0.8999999761581421,
    0.8999999761581421,
    0.7099999785423279,
    0.8500000238418579,
    0.8799999952316284,
    0.8100000023841858,
    0.8799999952316284,
    0.6899999976158142,
    1.0,
    0.7099999785423279,
    0.7300000190734863,
    0.699999988079071,
    1.0,
    0.949999988079071,
    0.8799999952316284,
    0.699999988079071,
    0.9700000286102295,
    0.75,
    0.8199999928474426,
    0.9300000071525574,
    0.7300000190734863,
    0.9387755393981934,
    0.9900000095367432,
    0.8500000238418579,
    0.6899999976158142,
    0.8600000143051147
  ]
}