{
  "episodes": 100,
  "seed_base": 456,
  "cfg_overrides": {
    "scan_cov_late_thresh": 0.85,
    "scan_k_cov_gain_late": 0.01,
    "scan_k_cov_stall": 0.0,
    "scan_oob_grace_steps": 3,
    "scan_k_cov_gain": 0.011,
    "scan_debug_oob": false
  },
  "success_count": 63,
  "crash_count": 0,
  "oob_touch_count": 0,
  "oob_touch_rate": 0.0,
  "oob_touch_episode_count": 0,
  "oob_touch_episode_rate": 0.0,
  "success_rate_mean": 0.6299999952316284,
  "success_rate_std": 0.4828042984008789,
  "steps_mean": 1311.1700439453125,
  "steps_std": 888.29638671875,
  "mean_steps_success": 671.6984252929688,
  "std_steps_success": 383.7877197265625,
  "crash_rate_mean": 0.0,
  "crash_rate_std": 0.0,
  "yaw_rate_abs_mean": 0.21036238968372345,
  "yaw_rate_abs_p95": 0.5893716216087341,
  "dv_xy_mean": 0.2319217473268509,
  "coverage_mean": 0.8398346900939941,
  "coverage_min": 0.6600000262260437,
  "overlap_mean": 17.654630661010742,
  "time_to_95_mean": 2055.3701171875,
  "covered_cells_mean": 75.4800033569336,
  "total_cells_mean": 91.33000183105469
}