{
  "episodes": 100,
  "seed_base": 456,
  "cfg_overrides": {
    "scan_obs_aug_enable": true,
    "scan_obs_patch_size": 3,
    "scan_obs_boundary_feat": true
  },
  "success_count": 28,
  "crash_count": 0,
  "oob_touch_count": 0,
  "oob_touch_rate": 0.0,
  "oob_touch_episode_count": 0,
  "oob_touch_episode_rate": 0.0,
  "success_rate_mean": 0.2800000011920929,
  "success_rate_std": 0.4489988684654236,
  "steps_mean": 2115.77001953125,
  "steps_std": 580.100341796875,
  "mean_steps_success": 1384.892822265625,
  "std_steps_success": 678.17822265625,
  "crash_rate_mean": 0.0,
  "crash_rate_std": 0.0,
  "yaw_rate_abs_mean": 0.2156943380832672,
  "yaw_rate_abs_p95": 0.5112112760543823,
  "dv_xy_mean": 0.2277427613735199,
  "coverage_mean": 0.8243857622146606,
  "coverage_min": 0.6200000047683716,
  "coverage_ge_090_rate": 0.36,
  "coverage_ge_093_rate": 0.3,
  "coverage_ge_095_rate": 0.26,
  "overlap_mean": 28.786848068237305,
  "time_to_95_mean": 2015.469970703125,
  "covered_cells_mean": 74.05999755859375,
  "total_cells_mean": 91.33000183105469,
  "coverage_episode": [
    0.7099999785423279,
    0.9700000286102295,
    1.0,
    0.6200000047683716,
    0.7699999809265137,
    0.6800000071525574,
    0.7400000095367432,
    0.7200000286102295,
    1.0,
    0.9200000166893005,
    0.9599999785423279,
    0.7400000095367432,
    1.0,
    0.7799999713897705,
    0.7599999904632568,
    0.7200000286102295,
    0.8775510191917419,
    0.7300000190734863,
    0.7300000190734863,
    0.9599999785423279,
    0.9795918464660645,
    0.800000011920929,
    0.9900000095367432,
    0.7599999904632568,
    0.7699999809265137,
    0.9599999785423279,
    0.8999999761581421,
    0.7200000286102295,
    0.7799999713897705,
    0.7599999904632568,
    0.7200000286102295,
    0.9100000262260437,
    0.7900000214576721,
    0.9200000166893005,
    1.0,
    1.0,
    0.7400000095367432,
    0.7400000095367432,
    0.9399999976158142,
    0.9700000286102295,
    0.6899999976158142,
    0.699999988079071,
    0.7300000190734863,
    1.0,
    0.9800000190734863,
    0.6899999976158142,
    0.800000011920929,
    0.7300000190734863,
    0.699999988079071,
    0.7599999904632568,
    0.9800000190734863,
    0.9100000262260437,
    1.0,
    0.7599999904632568,
    0.699999988079071,
    0.7599999904632568,
    0.6499999761581421,
    0.7200000286102295,
    0.7099999785423279,
    0.7599999904632568,
    0.7799999713897705,
    0.9795918464660645,
    0.9599999785423279,
    0.7599999904632568,
    0.7599999904632568,
    0.8775510191917419,
    0.8775510191917419,
    0.7799999713897705,
    0.7200000286102295,
    1.0,
    0.9800000190734863,
    0.7799999713897705,
    0.9387755393981934,
    0.7200000286102295,
    0.7799999713897705,
    0.9599999785423279,
    0.7300000190734863,
    0.7699999809265137,
    0.7599999904632568,
    0.7900000214576721,
    0.9300000071525574,
    0.7200000286102295,
    0.9795918464660645,
    0.7200000286102295,
    0.7599999904632568,
    0.7200000286102295,
    0.9795918464660645,
    0.7599999904632568,
    0.9100000262260437,
    0.7300000190734863,
    0.7300000190734863,
    0.7300000190734863,
    0.9700000286102295,
    0.9599999785423279,
    0.699999988079071,
    0.9387755393981934,
    0.7799999713897705,
    0.7200000286102295,
    0.9800000190734863,
    0.75
  ]
}