{
  "episodes": 100,
  "seed_base": 456,
  "success_count": 24,
  "crash_count": 0,
  "oob_touch_count": 0,
  "oob_touch_rate": 0.0,
  "oob_touch_episode_count": 0,
  "oob_touch_episode_rate": 0.0,
  "success_rate_mean": 0.23999999463558197,
  "success_rate_std": 0.42708316445350647,
  "steps_mean": 1899.3499755859375,
  "steps_std": 891.37841796875,
  "mean_steps_success": 313.9583435058594,
  "std_steps_success": 58.781005859375,
  "crash_rate_mean": 0.0,
  "crash_rate_std": 0.0,
  "yaw_rate_abs_mean": 0.20511233806610107,
  "yaw_rate_abs_p95": 0.5268518924713135,
  "dv_xy_mean": 0.23373012244701385,
  "coverage_mean": 0.7925266027450562,
  "coverage_min": 0.6200000047683716,
  "overlap_mean": 27.248092651367188,
  "time_to_95_mean": 2037.219970703125,
  "covered_cells_mean": 70.7699966430664,
  "total_cells_mean": 91.33000183105469
}