{
  "episodes": 100,
  "seed_base": 3,
  "cfg_overrides": {},
  "success_count": 77,
  "crash_count": 0,
  "oob_touch_count": 0,
  "oob_touch_rate": 0.0,
  "oob_touch_episode_count": 0,
  "oob_touch_episode_rate": 0.0,
  "success_rate_mean": 0.7699999809265137,
  "success_rate_std": 0.4208325445652008,
  "steps_mean": 1184.8699951171875,
  "steps_std": 821.9083862304688,
  "mean_steps_success": 821.9091186523438,
  "std_steps_success": 551.8430786132812,
  "crash_rate_mean": 0.0,
  "crash_rate_std": 0.0,
  "yaw_rate_abs_mean": 0.230879545211792,
  "yaw_rate_abs_p95": 0.5954898595809937,
  "dv_xy_mean": 0.2217237800359726,
  "coverage_mean": 0.8854305148124695,
  "coverage_min": 0.6800000071525574,
  "coverage_ge_090_rate": 0.52,
  "coverage_ge_093_rate": 0.38,
  "coverage_ge_095_rate": 0.25,
  "overlap_mean": 15.597491264343262,
  "time_to_95_mean": 1938.989990234375,
  "covered_cells_mean": 79.02999877929688,
  "total_cells_mean": 90.30999755859375,
  "coverage_episode": [
    0.8299999833106995,
    1.0,
    0.9200000166893005,
    0.7599999904632568,
    0.8700000047683716,
    0.699999988079071,
    0.9399999976158142,
    1.0,
    1.0,
    1.0,
    0.8299999833106995,
    0.9200000166893005,
    0.9387755393981934,
    0.949999988079071,
    0.8500000238418579,
    0.918367326259613,
    0.9591836929321289,
    0.8600000143051147,
    1.0,
    0.8899999856948853,
    1.0,
    0.9399999976158142,
    0.8199999928474426,
    0.699999988079071,
    0.7400000095367432,
    0.9795918464660645,
    0.8500000238418579,
    0.6899999976158142,
    0.949999988079071,
    0.9700000286102295,
    0.9800000190734863,
    0.8899999856948853,
    0.8799999952316284,
    0.9100000262260437,
    0.8899999856948853,
    0.7300000190734863,
    0.9399999976158142,
    1.0,
    0.7300000190734863,
    0.9100000262260437,
    0.9100000262260437,
    0.8600000143051147,
    0.8999999761581421,
    0.7599999904632568,
    0.918367326259613,
    0.9399999976158142,
    0.9599999785423279,
    0.8700000047683716,
    0.75,
    1.0,
    0.8700000047683716,
    0.8500000238418579,
    0.8999999761581421,
    0.9300000071525574,
    0.8799999952316284,
    1.0,
    0.8299999833106995,
    0.75,
    0.8899999856948853,
    0.949999988079071,
    0.8700000047683716,
    0.699999988079071,
    0.7099999785423279,
    0.8999999761581421,
    0.9399999976158142,
    0.7300000190734863,
    0.8700000047683716,
    0.949999988079071,
    0.8799999952316284,
    1.0,
    0.8799999952316284,
    0.949999988079071,
    0.7599999904632568,
    0.8700000047683716,
    0.8600000143051147,
    0.8700000047683716,
    1.0,
    0.9300000071525574,
    0.9100000262260437,
    0.7900000214576721,
    0.9100000262260437,
    0.8399999737739563,
    0.6800000071525574,
    0.8899999856948853,
    0.8999999761581421,
    0.9300000071525574,
    0.9387755393981934,
    0.949999988079071,
    0.75,
    0.7300000190734863,
    0.9300000071525574,
    1.0,
    0.8799999952316284,
    0.9399999976158142,
    0.8999999761581421,
    0.8799999952316284,
    0.9300000071525574,
    1.0,
    0.8799999952316284,
    0.9599999785423279
  ]
}