{
  "episodes": 100,
  "seed_base": 1,
  "cfg_overrides": {
    "scan_obs_aug_enable": true,
    "scan_obs_patch_size": 5,
    "scan_obs_boundary_feat": true
  },
  "success_count": 97,
  "crash_count": 0,
  "oob_touch_count": 0,
  "oob_touch_rate": 0.0,
  "oob_touch_episode_count": 0,
  "oob_touch_episode_rate": 0.0,
  "success_rate_mean": 0.9700000286102295,
  "success_rate_std": 0.1705872118473053,
  "steps_mean": 294.5400085449219,
  "steps_std": 381.25433349609375,
  "mean_steps_success": 229.4226837158203,
  "std_steps_success": 92.24003601074219,
  "crash_rate_mean": 0.0,
  "crash_rate_std": 0.0,
  "yaw_rate_abs_mean": 0.373715877532959,
  "yaw_rate_abs_p95": 0.5998330116271973,
  "dv_xy_mean": 0.18840816617012024,
  "coverage_mean": 0.9765897989273071,
  "coverage_min": 0.9200000166893005,
  "coverage_ge_090_rate": 1.0,
  "coverage_ge_093_rate": 0.97,
  "coverage_ge_095_rate": 0.87,
  "overlap_mean": 3.201066255569458,
  "time_to_95_mean": 441.69000244140625,
  "covered_cells_mean": 87.73999786376953,
  "total_cells_mean": 89.80000305175781,
  "coverage_episode": [
    1.0,
    0.9795918464660645,
    1.0,
    0.9387755393981934,
    1.0,
    0.9200000166893005,
    0.9900000095367432,
    0.9599999785423279,
    0.9599999785423279,
    0.9795918464660645,
    0.9795918464660645,
    0.9795918464660645,
    0.9200000166893005,
    0.9599999785423279,
    0.9795918464660645,
    0.9800000190734863,
    1.0,
    0.9795918464660645,
    1.0,
    0.9900000095367432,
    0.9387755393981934,
    0.9900000095367432,
    0.9591836929321289,
    1.0,
    1.0,
    0.949999988079071,
    0.949999988079071,
    0.9795918464660645,
    1.0,
    0.949999988079071,
    0.949999988079071,
    0.949999988079071,
    1.0,
    0.9800000190734863,
    1.0,
    0.9599999785423279,
    1.0,
    0.9700000286102295,
    0.9399999976158142,
    0.9591836929321289,
    0.9700000286102295,
    0.9900000095367432,
    1.0,
    0.9900000095367432,
    0.9900000095367432,
    0.9599999785423279,
    0.9591836929321289,
    1.0,
    0.9300000071525574,
    0.9900000095367432,
    0.9700000286102295,
    0.9795918464660645,
    1.0,
    1.0,
    0.9700000286102295,
    0.9900000095367432,
    0.9900000095367432,
    0.9795918464660645,
    0.9900000095367432,
    0.9399999976158142,
    1.0,
    0.9200000166893005,
    1.0,
    0.9599999785423279,
    0.9399999976158142,
    0.9800000190734863,
    0.9900000095367432,
    0.949999988079071,
    1.0,
    0.9399999976158142,
    0.9900000095367432,
    0.9795918464660645,
    1.0,
    0.9700000286102295,
    0.949999988079071,
    0.9800000190734863,
    1.0,
    1.0,
    1.0,
    0.9800000190734863,
    1.0,
    0.9900000095367432,
    1.0,
    1.0,
    0.9700000286102295,
    0.9900000095367432,
    1.0,
    0.9399999976158142,
    0.9795918464660645,
    0.9599999785423279,
    0.9700000286102295,
    1.0,
    0.9399999976158142,
    0.9795918464660645,
    0.9900000095367432,
    0.9900000095367432,
    0.9800000190734863,
    1.0,
    1.0,
    0.9387755393981934
  ]
}