{
  "episodes": 100,
  "seed_base": 456,
  "cfg_overrides": {
    "scan_cov_late_thresh": 0.85,
    "scan_k_cov_gain_late": 0.012,
    "scan_k_cov_stall": 0.0,
    "scan_oob_grace_steps": 3,
    "scan_k_cov_gain": 0.0125,
    "scan_debug_oob": false
  },
  "success_count": 61,
  "crash_count": 0,
  "oob_touch_count": 0,
  "oob_touch_rate": 0.0,
  "oob_touch_episode_count": 0,
  "oob_touch_episode_rate": 0.0,
  "success_rate_mean": 0.6100000143051147,
  "success_rate_std": 0.48774993419647217,
  "steps_mean": 1404.3399658203125,
  "steps_std": 863.9852905273438,
  "mean_steps_success": 767.7705078125,
  "std_steps_success": 429.76116943359375,
  "crash_rate_mean": 0.0,
  "crash_rate_std": 0.0,
  "yaw_rate_abs_mean": 0.20750363171100616,
  "yaw_rate_abs_p95": 0.5847907066345215,
  "dv_xy_mean": 0.231890469789505,
  "coverage_mean": 0.834638774394989,
  "coverage_min": 0.6600000262260437,
  "overlap_mean": 19.17119789123535,
  "time_to_95_mean": 2095.6298828125,
  "covered_cells_mean": 74.94999694824219,
  "total_cells_mean": 91.33000183105469
}