{
  "episodes": 100,
  "seed_base": 456,
  "cfg_overrides": {
    "scan_cov_finish2_thresh": 0.96,
    "scan_k_cov_gain_finish2": 0.05
  },
  "success_count": 62,
  "crash_count": 0,
  "oob_touch_count": 0,
  "oob_touch_rate": 0.0,
  "oob_touch_episode_count": 0,
  "oob_touch_episode_rate": 0.0,
  "success_rate_mean": 0.6200000047683716,
  "success_rate_std": 0.4853864312171936,
  "steps_mean": 1384.4300537109375,
  "steps_std": 890.9968872070312,
  "mean_steps_success": 761.98388671875,
  "std_steps_success": 510.7517395019531,
  "crash_rate_mean": 0.0,
  "crash_rate_std": 0.0,
  "yaw_rate_abs_mean": 0.21746094524860382,
  "yaw_rate_abs_p95": 0.5917831659317017,
  "dv_xy_mean": 0.2266516238451004,
  "coverage_mean": 0.8422591686248779,
  "coverage_min": 0.6600000262260437,
  "coverage_ge_090_rate": 0.33,
  "coverage_ge_093_rate": 0.23,
  "coverage_ge_095_rate": 0.18,
  "overlap_mean": 18.01704216003418,
  "time_to_95_mean": 2036.199951171875,
  "covered_cells_mean": 75.66000366210938,
  "total_cells_mean": 91.33000183105469,
  "coverage_episode": [
    0.7699999809265137,
    0.8299999833106995,
    0.9387755393981934,
    0.8600000143051147,
    0.9399999976158142,
    0.75,
    0.8700000047683716,
    0.7799999713897705,
    1.0,
    0.8299999833106995,
    0.8600000143051147,
    0.699999988079071,
    1.0,
    0.6800000071525574,
    0.8399999737739563,
    0.7699999809265137,
    1.0,
    0.8299999833106995,
    0.8799999952316284,
    0.8700000047683716,
    1.0,
    0.6899999976158142,
    0.9300000071525574,
    0.8399999737739563,
    0.7699999809265137,
    0.8799999952316284,
    0.8299999833106995,
    0.7599999904632568,
    0.9100000262260437,
    0.7200000286102295,
    0.6600000262260437,
    0.8399999737739563,
    0.8100000023841858,
    0.8199999928474426,
    1.0,
    1.0,
    0.75,
    0.8700000047683716,
    0.8899999856948853,
    0.8999999761581421,
    0.8399999737739563,
    0.9599999785423279,
    0.8299999833106995,
    1.0,
    0.8999999761581421,
    0.6800000071525574,
    0.9200000166893005,
    0.7699999809265137,
    0.75,
    0.75,
    0.8999999761581421,
    0.8100000023841858,
    1.0,
    0.699999988079071,
    0.8299999833106995,
    0.949999988079071,
    0.8399999737739563,
    0.8299999833106995,
    0.6700000166893005,
    0.6600000262260437,
    0.7799999713897705,
    0.918367326259613,
    0.8700000047683716,
    0.8299999833106995,
    0.699999988079071,
    1.0,
    1.0,
    0.9399999976158142,
    0.949999988079071,
    1.0,
    0.9200000166893005,
    0.9200000166893005,
    0.9387755393981934,
    0.7300000190734863,
    0.800000011920929,
    0.800000011920929,
    0.7599999904632568,
    0.8600000143051147,
    0.8899999856948853,
    0.8500000238418579,
    0.8999999761581421,
    0.7099999785423279,
    1.0,
    0.7699999809265137,
    0.8199999928474426,
    0.699999988079071,
    1.0,
    0.6600000262260437,
    0.9100000262260437,
    0.7099999785423279,
    0.7599999904632568,
    0.6800000071525574,
    0.8899999856948853,
    0.7900000214576721,
    0.7699999809265137,
    1.0,
    0.6800000071525574,
    0.8199999928474426,
    0.949999988079071,
    0.7900000214576721
  ]
}