{
  "episodes": 50,
  "seed_base": 2,
  "success_rate_mean": 0.9800000190734863,
  "success_rate_std": 0.14000000059604645,
  "steps_mean": 651.3599853515625,
  "steps_std": 37.262184143066406,
  "mean_steps_success": 652.653076171875,
  "std_steps_success": 36.51309585571289,
  "crash_rate_mean": 0.019999999552965164,
  "crash_rate_std": 0.14000000059604645
}