{
  "episodes": 50,
  "seed_base": 8,
  "success_rate_mean": 0.9800000190734863,
  "success_rate_std": 0.14000000059604645,
  "steps_mean": 652.8599853515625,
  "steps_std": 39.65904998779297,
  "mean_steps_success": 654.1836547851562,
  "std_steps_success": 38.95296859741211,
  "crash_rate_mean": 0.019999999552965164,
  "crash_rate_std": 0.14000000059604645
}