{
  "episodes": 50,
  "seed_base": 5,
  "success_rate_mean": 0.9800000190734863,
  "success_rate_std": 0.14000000059604645,
  "steps_mean": 652.4199829101562,
  "steps_std": 39.27344512939453,
  "mean_steps_success": 653.7346801757812,
  "std_steps_success": 38.567604064941406,
  "crash_rate_mean": 0.019999999552965164,
  "crash_rate_std": 0.14000000059604645
}