{
  "episodes": 100,
  "seed_base": 456,
  "cfg_overrides": {
    "scan_k_cov_gain_boundary": 0.02,
    "scan_cov_late_thresh": 0.8
  },
  "success_count": 51,
  "crash_count": 0,
  "oob_touch_count": 0,
  "oob_touch_rate": 0.0,
  "oob_touch_episode_count": 0,
  "oob_touch_episode_rate": 0.0,
  "success_rate_mean": 0.5099999904632568,
  "success_rate_std": 0.4998999834060669,
  "steps_mean": 1624.219970703125,
  "steps_std": 889.6299438476562,
  "mean_steps_success": 878.8627319335938,
  "std_steps_success": 646.5718994140625,
  "crash_rate_mean": 0.0,
  "crash_rate_std": 0.0,
  "yaw_rate_abs_mean": 0.2130305916070938,
  "yaw_rate_abs_p95": 0.5731614828109741,
  "dv_xy_mean": 0.2280835658311844,
  "coverage_mean": 0.8401346802711487,
  "coverage_min": 0.6800000071525574,
  "coverage_ge_090_rate": 0.31,
  "coverage_ge_093_rate": 0.26,
  "coverage_ge_095_rate": 0.21,
  "overlap_mean": 21.625730514526367,
  "time_to_95_mean": 2002.010009765625,
  "covered_cells_mean": 75.51000213623047,
  "total_cells_mean": 91.33000183105469,
  "coverage_episode": [
    0.8199999928474426,
    0.8799999952316284,
    0.9795918464660645,
    0.7799999713897705,
    0.9599999785423279,
    0.699999988079071,
    0.8899999856948853,
    0.6899999976158142,
    1.0,
    0.8600000143051147,
    0.8899999856948853,
    0.7099999785423279,
    1.0,
    0.6899999976158142,
    0.8600000143051147,
    0.7099999785423279,
    1.0,
    0.8700000047683716,
    0.8700000047683716,
    0.8399999737739563,
    0.918367326259613,
    0.7300000190734863,
    1.0,
    0.8999999761581421,
    0.8399999737739563,
    0.949999988079071,
    0.8600000143051147,
    0.7599999904632568,
    0.9200000166893005,
    0.6800000071525574,
    0.7799999713897705,
    0.8399999737739563,
    0.9200000166893005,
    0.9399999976158142,
    1.0,
    1.0,
    0.6800000071525574,
    0.8799999952316284,
    1.0,
    0.800000011920929,
    0.699999988079071,
    0.8399999737739563,
    0.8399999737739563,
    0.9591836929321289,
    0.8899999856948853,
    0.7300000190734863,
    0.8199999928474426,
    0.7699999809265137,
    0.7400000095367432,
    0.6899999976158142,
    0.9599999785423279,
    0.8399999737739563,
    1.0,
    0.7099999785423279,
    0.8799999952316284,
    0.7900000214576721,
    0.8799999952316284,
    0.8700000047683716,
    0.75,
    0.7200000286102295,
    0.7599999904632568,
    0.9387755393981934,
    0.9300000071525574,
    0.8899999856948853,
    0.7799999713897705,
    1.0,
    1.0,
    0.949999988079071,
    0.699999988079071,
    1.0,
    0.7900000214576721,
    0.7799999713897705,
    0.9387755393981934,
    0.7300000190734863,
    0.8700000047683716,
    0.949999988079071,
    0.6899999976158142,
    0.8700000047683716,
    0.8700000047683716,
    0.7400000095367432,
    0.7599999904632568,
    0.7400000095367432,
    1.0,
    0.699999988079071,
    0.6899999976158142,
    0.7200000286102295,
    1.0,
    0.7099999785423279,
    0.9200000166893005,
    0.6800000071525574,
    0.75,
    0.6899999976158142,
    0.7799999713897705,
    0.7699999809265137,
    0.699999988079071,
    0.9387755393981934,
    0.7699999809265137,
    0.8700000047683716,
    1.0,
    0.8700000047683716
  ]
}