{
  "episodes": 100,
  "seed_base": 1,
  "cfg_overrides": {
    "scan_obs_aug_enable": true,
    "scan_obs_patch_size": 7,
    "scan_obs_boundary_feat": true
  },
  "success_count": 93,
  "crash_count": 0,
  "oob_touch_count": 0,
  "oob_touch_rate": 0.0,
  "oob_touch_episode_count": 0,
  "oob_touch_episode_rate": 0.0,
  "success_rate_mean": 0.9300000071525574,
  "success_rate_std": 0.25514698028564453,
  "steps_mean": 494.0899963378906,
  "steps_std": 621.582275390625,
  "mean_steps_success": 350.6343994140625,
  "std_steps_success": 348.50067138671875,
  "crash_rate_mean": 0.0,
  "crash_rate_std": 0.0,
  "yaw_rate_abs_mean": 0.3247126638889313,
  "yaw_rate_abs_p95": 0.5995591878890991,
  "dv_xy_mean": 0.1915767937898636,
  "coverage_mean": 0.965738832950592,
  "coverage_min": 0.8100000023841858,
  "coverage_ge_090_rate": 0.99,
  "coverage_ge_093_rate": 0.95,
  "coverage_ge_095_rate": 0.84,
  "overlap_mean": 5.947121620178223,
  "time_to_95_mean": 676.5700073242188,
  "covered_cells_mean": 86.52999877929688,
  "total_cells_mean": 89.80000305175781,
  "coverage_episode": [
    0.9800000190734863,
    0.9795918464660645,
    0.949999988079071,
    1.0,
    0.9900000095367432,
    0.9700000286102295,
    0.9700000286102295,
    0.9399999976158142,
    0.8100000023841858,
    0.9795918464660645,
    1.0,
    1.0,
    0.9700000286102295,
    0.9800000190734863,
    0.9387755393981934,
    0.949999988079071,
    0.9700000286102295,
    0.918367326259613,
    0.9591836929321289,
    0.9599999785423279,
    1.0,
    0.9800000190734863,
    1.0,
    0.9700000286102295,
    0.949999988079071,
    0.9300000071525574,
    0.9700000286102295,
    0.9795918464660645,
    0.9900000095367432,
    0.949999988079071,
    0.949999988079071,
    0.9599999785423279,
    0.9599999785423279,
    1.0,
    0.949999988079071,
    1.0,
    0.9800000190734863,
    0.9599999785423279,
    0.9700000286102295,
    1.0,
    0.949999988079071,
    0.949999988079071,
    0.9800000190734863,
    0.9599999785423279,
    0.9800000190734863,
    0.9599999785423279,
    1.0,
    0.9700000286102295,
    0.9300000071525574,
    0.9599999785423279,
    0.9399999976158142,
    0.9795918464660645,
    0.9900000095367432,
    0.9800000190734863,
    0.8999999761581421,
    0.949999988079071,
    0.9700000286102295,
    1.0,
    0.9800000190734863,
    0.949999988079071,
    1.0,
    0.9700000286102295,
    0.9900000095367432,
    0.949999988079071,
    0.9200000166893005,
    0.9599999785423279,
    0.9900000095367432,
    0.9800000190734863,
    0.9900000095367432,
    0.9599999785423279,
    0.949999988079071,
    0.9795918464660645,
    0.9399999976158142,
    0.9700000286102295,
    0.9300000071525574,
    0.9800000190734863,
    0.9599999785423279,
    0.9599999785423279,
    1.0,
    0.9700000286102295,
    0.9599999785423279,
    0.9900000095367432,
    0.9800000190734863,
    0.9399999976158142,
    0.9300000071525574,
    0.9800000190734863,
    0.949999988079071,
    0.9800000190734863,
    0.9795918464660645,
    0.9800000190734863,
    0.949999988079071,
    0.9599999785423279,
    0.9700000286102295,
    1.0,
    0.8999999761581421,
    0.9399999976158142,
    0.9900000095367432,
    0.9599999785423279,
    0.9399999976158142,
    1.0
  ]
}