{
  "episodes": 100,
  "seed_base": 3,
  "cfg_overrides": {
    "scan_obs_aug_enable": true,
    "scan_obs_patch_size": 7,
    "scan_obs_boundary_feat": true
  },
  "success_count": 93,
  "crash_count": 0,
  "oob_touch_count": 0,
  "oob_touch_rate": 0.0,
  "oob_touch_episode_count": 0,
  "oob_touch_episode_rate": 0.0,
  "success_rate_mean": 0.9300000071525574,
  "success_rate_std": 0.25514698028564453,
  "steps_mean": 496.6300048828125,
  "steps_std": 620.7138061523438,
  "mean_steps_success": 353.3656005859375,
  "std_steps_success": 347.95941162109375,
  "crash_rate_mean": 0.0,
  "crash_rate_std": 0.0,
  "yaw_rate_abs_mean": 0.32418182492256165,
  "yaw_rate_abs_p95": 0.5995612144470215,
  "dv_xy_mean": 0.1918008178472519,
  "coverage_mean": 0.9649428725242615,
  "coverage_min": 0.8100000023841858,
  "coverage_ge_090_rate": 0.99,
  "coverage_ge_093_rate": 0.95,
  "coverage_ge_095_rate": 0.83,
  "overlap_mean": 5.961543083190918,
  "time_to_95_mean": 699.9299926757812,
  "covered_cells_mean": 86.94999694824219,
  "total_cells_mean": 90.30999755859375,
  "coverage_episode": [
    0.949999988079071,
    1.0,
    0.9900000095367432,
    0.9700000286102295,
    0.9700000286102295,
    0.9399999976158142,
    0.8100000023841858,
    0.9795918464660645,
    1.0,
    1.0,
    0.9700000286102295,
    0.9800000190734863,
    0.9387755393981934,
    0.949999988079071,
    0.9700000286102295,
    0.918367326259613,
    0.9591836929321289,
    0.9599999785423279,
    1.0,
    0.9800000190734863,
    1.0,
    0.9700000286102295,
    0.949999988079071,
    0.9300000071525574,
    0.9700000286102295,
    0.9795918464660645,
    0.9900000095367432,
    0.949999988079071,
    0.949999988079071,
    0.9599999785423279,
    0.9599999785423279,
    1.0,
    0.949999988079071,
    1.0,
    0.9800000190734863,
    0.9599999785423279,
    0.9700000286102295,
    1.0,
    0.949999988079071,
    0.949999988079071,
    0.9800000190734863,
    0.9599999785423279,
    0.9800000190734863,
    0.9599999785423279,
    1.0,
    0.9700000286102295,
    0.9300000071525574,
    0.9599999785423279,
    0.9399999976158142,
    0.9795918464660645,
    0.9900000095367432,
    0.9800000190734863,
    0.8999999761581421,
    0.949999988079071,
    0.9700000286102295,
    1.0,
    0.9800000190734863,
    0.949999988079071,
    1.0,
    0.9700000286102295,
    0.9900000095367432,
    0.949999988079071,
    0.9200000166893005,
    0.9599999785423279,
    0.9900000095367432,
    0.9800000190734863,
    0.9900000095367432,
    0.9599999785423279,
    0.949999988079071,
    0.9795918464660645,
    0.9399999976158142,
    0.9700000286102295,
    0.9300000071525574,
    0.9800000190734863,
    0.9599999785423279,
    0.9599999785423279,
    1.0,
    0.9700000286102295,
    0.9599999785423279,
    0.9900000095367432,
    0.9800000190734863,
    0.9399999976158142,
    0.9300000071525574,
    0.9800000190734863,
    0.949999988079071,
    0.9800000190734863,
    0.9795918464660645,
    0.9800000190734863,
    0.949999988079071,
    0.9599999785423279,
    0.9700000286102295,
    1.0,
    0.8999999761581421,
    0.9399999976158142,
    0.9900000095367432,
    0.9599999785423279,
    0.9399999976158142,
    1.0,
    0.9300000071525574,
    0.949999988079071
  ]
}