{
  "episodes": 100,
  "seed_base": 456,
  "cfg_overrides": {
    "scan_obs_aug_enable": true,
    "scan_obs_patch_size": 7,
    "scan_obs_boundary_feat": true
  },
  "success_count": 99,
  "crash_count": 0,
  "oob_touch_count": 0,
  "oob_touch_rate": 0.0,
  "oob_touch_episode_count": 0,
  "oob_touch_episode_rate": 0.0,
  "success_rate_mean": 0.9900000095367432,
  "success_rate_std": 0.09949875622987747,
  "steps_mean": 352.4200134277344,
  "steps_std": 408.1235046386719,
  "mean_steps_success": 331.73736572265625,
  "std_steps_success": 354.2176513671875,
  "crash_rate_mean": 0.0,
  "crash_rate_std": 0.0,
  "yaw_rate_abs_mean": 0.3330695331096649,
  "yaw_rate_abs_p95": 0.5997735261917114,
  "dv_xy_mean": 0.19973433017730713,
  "coverage_mean": 0.9669877886772156,
  "coverage_min": 0.8100000023841858,
  "coverage_ge_090_rate": 0.98,
  "coverage_ge_093_rate": 0.96,
  "coverage_ge_095_rate": 0.86,
  "overlap_mean": 3.1762661933898926,
  "time_to_95_mean": 560.7000122070312,
  "covered_cells_mean": 88.05999755859375,
  "total_cells_mean": 91.33000183105469,
  "coverage_episode": [
    0.9700000286102295,
    0.949999988079071,
    1.0,
    0.9599999785423279,
    0.9399999976158142,
    0.9700000286102295,
    0.9800000190734863,
    0.949999988079071,
    1.0,
    0.9900000095367432,
    0.9399999976158142,
    0.949999988079071,
    1.0,
    0.9599999785423279,
    0.949999988079071,
    0.9800000190734863,
    1.0,
    0.9599999785423279,
    0.9700000286102295,
    1.0,
    0.9795918464660645,
    0.8100000023841858,
    0.9700000286102295,
    1.0,
    0.9200000166893005,
    0.9800000190734863,
    0.9300000071525574,
    0.9599999785423279,
    0.9399999976158142,
    0.9700000286102295,
    0.9700000286102295,
    0.9599999785423279,
    0.949999988079071,
    0.9900000095367432,
    1.0,
    1.0,
    0.9700000286102295,
    0.9599999785423279,
    0.9399999976158142,
    0.949999988079071,
    0.9599999785423279,
    0.9399999976158142,
    0.9599999785423279,
    1.0,
    1.0,
    0.9800000190734863,
    0.9300000071525574,
    0.9800000190734863,
    0.9700000286102295,
    0.9599999785423279,
    0.949999988079071,
    0.9800000190734863,
    1.0,
    0.949999988079071,
    0.9599999785423279,
    0.9700000286102295,
    0.9599999785423279,
    0.9700000286102295,
    0.9599999785423279,
    0.9700000286102295,
    0.9800000190734863,
    1.0,
    0.9399999976158142,
    0.9800000190734863,
    0.9700000286102295,
    0.9795918464660645,
    1.0,
    0.9599999785423279,
    0.9700000286102295,
    1.0,
    0.9800000190734863,
    0.9800000190734863,
    1.0,
    0.9599999785423279,
    0.9599999785423279,
    0.9700000286102295,
    0.9700000286102295,
    0.8700000047683716,
    0.9399999976158142,
    1.0,
    0.949999988079071,
    0.9599999785423279,
    1.0,
    0.9700000286102295,
    0.9599999785423279,
    0.9900000095367432,
    1.0,
    0.9900000095367432,
    0.9800000190734863,
    0.9200000166893005,
    0.9800000190734863,
    0.9700000286102295,
    0.9800000190734863,
    0.949999988079071,
    0.9399999976158142,
    0.9795918464660645,
    0.949999988079071,
    0.9800000190734863,
    0.9599999785423279,
    0.9599999785423279
  ]
}