{
  "episodes": 100,
  "seed_base": 2,
  "cfg_overrides": {
    "scan_k_cov_gain_boundary": 0.015,
    "scan_cov_late_thresh": 0.8
  },
  "success_count": 75,
  "crash_count": 0,
  "oob_touch_count": 0,
  "oob_touch_rate": 0.0,
  "oob_touch_episode_count": 0,
  "oob_touch_episode_rate": 0.0,
  "success_rate_mean": 0.75,
  "success_rate_std": 0.4330126941204071,
  "steps_mean": 996.1500244140625,
  "steps_std": 841.6199951171875,
  "mean_steps_success": 528.2000122070312,
  "std_steps_success": 261.7695617675781,
  "crash_rate_mean": 0.0,
  "crash_rate_std": 0.0,
  "yaw_rate_abs_mean": 0.23659105598926544,
  "yaw_rate_abs_p95": 0.597463071346283,
  "dv_xy_mean": 0.223088338971138,
  "coverage_mean": 0.8814040422439575,
  "coverage_min": 0.6700000166893005,
  "coverage_ge_090_rate": 0.5,
  "coverage_ge_093_rate": 0.33,
  "coverage_ge_095_rate": 0.24,
  "overlap_mean": 13.837177276611328,
  "time_to_95_mean": 1948.280029296875,
  "covered_cells_mean": 78.44000244140625,
  "total_cells_mean": 89.80000305175781,
  "coverage_episode": [
    1.0,
    0.8899999856948853,
    1.0,
    0.8299999833106995,
    0.7099999785423279,
    0.9100000262260437,
    0.7200000286102295,
    0.9300000071525574,
    1.0,
    1.0,
    1.0,
    0.8700000047683716,
    0.9200000166893005,
    0.8571428656578064,
    0.9300000071525574,
    0.8899999856948853,
    0.795918345451355,
    0.9591836929321289,
    0.8999999761581421,
    0.8979591727256775,
    0.9300000071525574,
    0.9795918464660645,
    0.9200000166893005,
    0.8199999928474426,
    0.7200000286102295,
    0.7300000190734863,
    0.7551020383834839,
    0.8600000143051147,
    0.7300000190734863,
    0.7599999904632568,
    0.7599999904632568,
    0.9300000071525574,
    0.8199999928474426,
    0.8799999952316284,
    0.9200000166893005,
    0.8700000047683716,
    0.7599999904632568,
    0.9300000071525574,
    1.0,
    0.7400000095367432,
    0.8600000143051147,
    0.9399999976158142,
    0.8700000047683716,
    0.949999988079071,
    0.7099999785423279,
    0.9795918464660645,
    0.9800000190734863,
    0.9599999785423279,
    0.8500000238418579,
    0.9900000095367432,
    1.0,
    0.8799999952316284,
    0.8700000047683716,
    0.9300000071525574,
    0.800000011920929,
    0.8899999856948853,
    1.0,
    0.8700000047683716,
    0.7099999785423279,
    0.9399999976158142,
    0.949999988079071,
    0.8600000143051147,
    0.6700000166893005,
    0.7099999785423279,
    0.8999999761581421,
    0.949999988079071,
    0.699999988079071,
    0.9100000262260437,
    1.0,
    0.8600000143051147,
    1.0,
    0.8799999952316284,
    0.9599999785423279,
    0.7200000286102295,
    0.8600000143051147,
    0.8799999952316284,
    0.9100000262260437,
    1.0,
    0.8999999761581421,
    0.8999999761581421,
    0.9200000166893005,
    0.8700000047683716,
    0.8600000143051147,
    0.7200000286102295,
    0.9100000262260437,
    0.9100000262260437,
    0.9300000071525574,
    0.8979591727256775,
    0.9200000166893005,
    0.7400000095367432,
    0.9100000262260437,
    0.9700000286102295,
    1.0,
    0.8999999761581421,
    0.9599999785423279,
    0.8500000238418579,
    0.8500000238418579,
    0.9200000166893005,
    0.8979591727256775,
    0.8799999952316284
  ]
}