{
  "episodes": 100,
  "seed_base": 456,
  "cfg_overrides": {
    "scan_k_cov_gain_boundary": 0.015,
    "scan_cov_late_thresh": 0.8
  },
  "success_count": 70,
  "crash_count": 0,
  "oob_touch_count": 0,
  "oob_touch_rate": 0.0,
  "oob_touch_episode_count": 0,
  "oob_touch_episode_rate": 0.0,
  "success_rate_mean": 0.699999988079071,
  "success_rate_std": 0.4582575559616089,
  "steps_mean": 1047.4300537109375,
  "steps_std": 895.597412109375,
  "mean_steps_success": 467.75714111328125,
  "std_steps_success": 160.5635223388672,
  "crash_rate_mean": 0.0,
  "crash_rate_std": 0.0,
  "yaw_rate_abs_mean": 0.23019260168075562,
  "yaw_rate_abs_p95": 0.5966174006462097,
  "dv_xy_mean": 0.22555898129940033,
  "coverage_mean": 0.865010142326355,
  "coverage_min": 0.6800000071525574,
  "coverage_ge_090_rate": 0.45,
  "coverage_ge_093_rate": 0.3,
  "coverage_ge_095_rate": 0.21,
  "overlap_mean": 13.318717956542969,
  "time_to_95_mean": 1985.0699462890625,
  "covered_cells_mean": 78.05999755859375,
  "total_cells_mean": 91.33000183105469,
  "coverage_episode": [
    0.699999988079071,
    0.8799999952316284,
    1.0,
    0.8799999952316284,
    0.9399999976158142,
    0.7099999785423279,
    0.8799999952316284,
    0.8399999737739563,
    1.0,
    0.8500000238418579,
    0.8600000143051147,
    0.6899999976158142,
    1.0,
    0.9100000262260437,
    0.8799999952316284,
    0.7599999904632568,
    1.0,
    0.8500000238418579,
    0.9100000262260437,
    0.8600000143051147,
    0.9795918464660645,
    0.7200000286102295,
    0.9800000190734863,
    0.8899999856948853,
    0.9599999785423279,
    0.8899999856948853,
    0.8199999928474426,
    0.7099999785423279,
    0.9200000166893005,
    0.7200000286102295,
    0.9399999976158142,
    0.8500000238418579,
    0.9100000262260437,
    0.8700000047683716,
    1.0,
    0.9591836929321289,
    0.699999988079071,
    0.8299999833106995,
    0.9100000262260437,
    0.9200000166893005,
    0.7799999713897705,
    0.9700000286102295,
    0.8299999833106995,
    1.0,
    0.9300000071525574,
    0.7099999785423279,
    0.949999988079071,
    0.8199999928474426,
    0.7599999904632568,
    0.7599999904632568,
    0.8100000023841858,
    0.8299999833106995,
    1.0,
    0.7099999785423279,
    0.8399999737739563,
    0.949999988079071,
    0.8399999737739563,
    0.8399999737739563,
    0.699999988079071,
    0.7699999809265137,
    0.949999988079071,
    0.9387755393981934,
    0.8799999952316284,
    0.8899999856948853,
    0.9900000095367432,
    0.8979591727256775,
    0.9387755393981934,
    0.9100000262260437,
    0.6899999976158142,
    0.918367326259613,
    0.8999999761581421,
    0.9100000262260437,
    0.918367326259613,
    0.7200000286102295,
    0.9200000166893005,
    0.800000011920929,
    0.7099999785423279,
    0.8799999952316284,
    0.8999999761581421,
    0.8999999761581421,
    0.8600000143051147,
    0.6800000071525574,
    1.0,
    0.7099999785423279,
    1.0,
    0.8799999952316284,
    1.0,
    0.6899999976158142,
    0.9399999976158142,
    0.7099999785423279,
    0.9300000071525574,
    0.7300000190734863,
    0.9100000262260437,
    0.9300000071525574,
    0.7200000286102295,
    1.0,
    0.9300000071525574,
    0.8399999737739563,
    0.9599999785423279,
    0.8399999737739563
  ]
}