{
  "episodes": 100,
  "seed_base": 456,
  "cfg_overrides": {
    "scan_obs_aug_enable": true,
    "scan_obs_patch_size": 5,
    "scan_obs_boundary_feat": true,
    "actuation_model_enable": true,
    "actuation_tau": 0.2,
    "actuation_slew_time": 0.3,
    "actuation_vxy_max": 1.0,
    "actuation_vz_max": 0.5,
    "actuation_yaw_rate_max": 0.7853981633974483
  },
  "success_count": 98,
  "crash_count": 0,
  "oob_touch_count": 0,
  "oob_touch_rate": 0.0,
  "oob_touch_episode_count": 0,
  "oob_touch_episode_rate": 0.0,
  "success_rate_mean": 0.9800000190734863,
  "success_rate_std": 0.14000000059604645,
  "steps_mean": 280.760009765625,
  "steps_std": 313.0337829589844,
  "mean_steps_success": 237.5102081298828,
  "std_steps_success": 80.39103698730469,
  "crash_rate_mean": 0.0,
  "crash_rate_std": 0.0,
  "yaw_rate_abs_mean": 0.4138171970844269,
  "yaw_rate_abs_p95": 0.5999798774719238,
  "dv_xy_mean": 0.11161362379789352,
  "coverage_mean": 0.9933714270591736,
  "coverage_min": 0.9100000262260437,
  "coverage_ge_090_rate": 1.0,
  "coverage_ge_093_rate": 0.99,
  "coverage_ge_095_rate": 0.98,
  "overlap_mean": 2.807457685470581,
  "time_to_95_mean": 203.77999877929688,
  "covered_cells_mean": 90.73999786376953,
  "total_cells_mean": 91.33000183105469,
  "coverage_episode": [
    1.0,
    0.9900000095367432,
    1.0,
    1.0,
    1.0,
    1.0,
    0.9399999976158142,
    0.9900000095367432,
    1.0,
    1.0,
    1.0,
    1.0,
    0.9795918464660645,
    1.0,
    1.0,
    0.949999988079071,
    0.9795918464660645,
    1.0,
    0.9900000095367432,
    1.0,
    1.0,
    1.0,
    1.0,
    1.0,
    0.9800000190734863,
    1.0,
    0.9800000190734863,
    1.0,
    1.0,
    1.0,
    1.0,
    1.0,
    1.0,
    0.9900000095367432,
    1.0,
    1.0,
    1.0,
    1.0,
    1.0,
    0.9900000095367432,
    0.9900000095367432,
    0.9900000095367432,
    1.0,
    1.0,
    1.0,
    0.9900000095367432,
    1.0,
    1.0,
    0.949999988079071,
    1.0,
    1.0,
    1.0,
    0.9795918464660645,
    1.0,
    0.9800000190734863,
    1.0,
    1.0,
    1.0,
    1.0,
    1.0,
    1.0,
    1.0,
    1.0,
    1.0,
    1.0,
    1.0,
    0.9591836929321289,
    1.0,
    1.0,
    1.0,
    0.9900000095367432,
    1.0,
    1.0,
    1.0,
    1.0,
    1.0,
    1.0,
    0.9100000262260437,
    1.0,
    1.0,
    1.0,
    1.0,
    1.0,
    1.0,
    0.9599999785423279,
    1.0,
    1.0,
    1.0,
    1.0,
    1.0,
    1.0,
    1.0,
    1.0,
    0.9900000095367432,
    1.0,
    0.9591836929321289,
    1.0,
    1.0,
    0.9599999785423279,
    0.9700000286102295
  ]
}