{
  "episodes": 100,
  "seed_base": 456,
  "cfg_overrides": {
    "scan_cov_late_thresh": 0.85,
    "scan_k_cov_gain_late": 0.01,
    "scan_k_cov_stall": 0.0,
    "scan_oob_grace_steps": 3,
    "scan_k_cov_gain": 0.012,
    "scan_debug_oob": false
  },
  "success_count": 70,
  "crash_count": 0,
  "oob_touch_count": 0,
  "oob_touch_rate": 0.0,
  "oob_touch_episode_count": 0,
  "oob_touch_episode_rate": 0.0,
  "success_rate_mean": 0.699999988079071,
  "success_rate_std": 0.4582575559616089,
  "steps_mean": 1136.8800048828125,
  "steps_std": 869.5736694335938,
  "mean_steps_success": 595.5428466796875,
  "std_steps_success": 321.5689697265625,
  "crash_rate_mean": 0.0,
  "crash_rate_std": 0.0,
  "yaw_rate_abs_mean": 0.23310308158397675,
  "yaw_rate_abs_p95": 0.5951152443885803,
  "dv_xy_mean": 0.22353336215019226,
  "coverage_mean": 0.870063304901123,
  "coverage_min": 0.6600000262260437,
  "overlap_mean": 14.329771995544434,
  "time_to_95_mean": 1901.1600341796875,
  "covered_cells_mean": 78.43000030517578,
  "total_cells_mean": 91.33000183105469
}