{
  "episodes": 100,
  "seed_base": 2,
  "cfg_overrides": {
    "scan_cov_late_thresh": 0.85,
    "scan_k_cov_gain_late": 0.01,
    "scan_k_cov_stall": 0.0,
    "scan_oob_grace_steps": 3,
    "scan_k_cov_gain": 0.012,
    "scan_debug_oob": false
  },
  "success_count": 74,
  "crash_count": 0,
  "oob_touch_count": 0,
  "oob_touch_rate": 0.0,
  "oob_touch_episode_count": 0,
  "oob_touch_episode_rate": 0.0,
  "success_rate_mean": 0.7400000095367432,
  "success_rate_std": 0.4386342763900757,
  "steps_mean": 1053.97998046875,
  "steps_std": 836.4927368164062,
  "mean_steps_success": 581.0540771484375,
  "std_steps_success": 292.13153076171875,
  "crash_rate_mean": 0.0,
  "crash_rate_std": 0.0,
  "yaw_rate_abs_mean": 0.23411108553409576,
  "yaw_rate_abs_p95": 0.5966174006462097,
  "dv_xy_mean": 0.22316257655620575,
  "coverage_mean": 0.8779122829437256,
  "coverage_min": 0.6800000071525574,
  "overlap_mean": 14.288243293762207,
  "time_to_95_mean": 1786.1800537109375,
  "covered_cells_mean": 78.06999969482422,
  "total_cells_mean": 89.80000305175781
}