{
  "episodes": 100,
  "seed_base": 3,
  "cfg_overrides": {
    "scan_cov_late_thresh": 0.85,
    "scan_k_cov_gain_late": 0.01,
    "scan_k_cov_stall": 0.0,
    "scan_oob_grace_steps": 3,
    "scan_k_cov_gain": 0.012,
    "scan_debug_oob": false
  },
  "success_count": 74,
  "crash_count": 0,
  "oob_touch_count": 0,
  "oob_touch_rate": 0.0,
  "oob_touch_episode_count": 0,
  "oob_touch_episode_rate": 0.0,
  "success_rate_mean": 0.7400000095367432,
  "success_rate_std": 0.4386342763900757,
  "steps_mean": 1057.4200439453125,
  "steps_std": 834.5134887695312,
  "mean_steps_success": 585.7026977539062,
  "std_steps_success": 291.9981689453125,
  "crash_rate_mean": 0.0,
  "crash_rate_std": 0.0,
  "yaw_rate_abs_mean": 0.2343372255563736,
  "yaw_rate_abs_p95": 0.5966174006462097,
  "dv_xy_mean": 0.22309018671512604,
  "coverage_mean": 0.8779122829437256,
  "coverage_min": 0.6800000071525574,
  "overlap_mean": 14.28019905090332,
  "time_to_95_mean": 1791.3499755859375,
  "covered_cells_mean": 78.58000183105469,
  "total_cells_mean": 90.30999755859375
}