{
  "episodes": 100,
  "seed_base": 456,
  "success_count": 16,
  "crash_count": 0,
  "oob_touch_count": 0,
  "oob_touch_rate": 0.0,
  "oob_touch_episode_count": 0,
  "oob_touch_episode_rate": 0.0,
  "success_rate_mean": 0.1599999964237213,
  "success_rate_std": 0.36660608649253845,
  "steps_mean": 2064.449951171875,
  "steps_std": 770.9779663085938,
  "mean_steps_success": 302.8125,
  "std_steps_success": 143.3881072998047,
  "crash_rate_mean": 0.0,
  "crash_rate_std": 0.0,
  "yaw_rate_abs_mean": 0.18404166400432587,
  "yaw_rate_abs_p95": 0.4439012110233307,
  "dv_xy_mean": 0.24107900261878967,
  "coverage_mean": 0.7499184608459473,
  "coverage_min": 0.6299999952316284,
  "overlap_mean": 30.638259887695312,
  "time_to_95_mean": 2056.610107421875,
  "covered_cells_mean": 66.52999877929688,
  "total_cells_mean": 91.33000183105469
}