{
  "episodes": 100,
  "seed_base": 456,
  "success_count": 13,
  "crash_count": 0,
  "oob_touch_count": 0,
  "oob_touch_rate": 0.0,
  "oob_touch_episode_count": 0,
  "oob_touch_episode_rate": 0.0,
  "success_rate_mean": 0.12999999523162842,
  "success_rate_std": 0.3363034129142761,
  "steps_mean": 2130.800048828125,
  "steps_std": 697.541748046875,
  "mean_steps_success": 329.23077392578125,
  "std_steps_success": 110.3164291381836,
  "crash_rate_mean": 0.0,
  "crash_rate_std": 0.0,
  "yaw_rate_abs_mean": 0.1718989610671997,
  "yaw_rate_abs_p95": 0.4423753321170807,
  "dv_xy_mean": 0.24472439289093018,
  "coverage_mean": 0.7435427904129028,
  "coverage_min": 0.44999998807907104,
  "overlap_mean": 32.644615173339844,
  "time_to_95_mean": 2007.0699462890625,
  "covered_cells_mean": 66.33999633789062,
  "total_cells_mean": 91.33000183105469
}