{
  "episodes": 100,
  "seed_base": 3,
  "cfg_overrides": {
    "scan_k_yawrate_pen": 0.002,
    "scan_k_slip_pen": 0.0
  },
  "success_count": 74,
  "crash_count": 0,
  "oob_touch_count": 0,
  "oob_touch_rate": 0.0,
  "oob_touch_episode_count": 0,
  "oob_touch_episode_rate": 0.0,
  "success_rate_mean": 0.7400000095367432,
  "success_rate_std": 0.4386342763900757,
  "steps_mean": 1053.72998046875,
  "steps_std": 840.8745727539062,
  "mean_steps_success": 580.7161865234375,
  "std_steps_success": 308.1459655761719,
  "crash_rate_mean": 0.0,
  "crash_rate_std": 0.0,
  "yaw_rate_abs_mean": 0.235844686627388,
  "yaw_rate_abs_p95": 0.597463071346283,
  "dv_xy_mean": 0.22376078367233276,
  "coverage_mean": 0.8826040625572205,
  "coverage_min": 0.6700000166893005,
  "coverage_ge_090_rate": 0.55,
  "coverage_ge_093_rate": 0.36,
  "coverage_ge_095_rate": 0.26,
  "overlap_mean": 14.240464210510254,
  "time_to_95_mean": 1896.0,
  "covered_cells_mean": 79.06999969482422,
  "total_cells_mean": 90.30999755859375,
  "coverage_episode": [
    0.8799999952316284,
    1.0,
    0.8500000238418579,
    0.7699999809265137,
    0.8799999952316284,
    0.699999988079071,
    0.949999988079071,
    1.0,
    0.9591836929321289,
    1.0,
    0.8999999761581421,
    0.9399999976158142,
    0.9387755393981934,
    0.9200000166893005,
    0.8700000047683716,
    0.7755101919174194,
    0.918367326259613,
    0.9399999976158142,
    0.6938775777816772,
    0.8999999761581421,
    1.0,
    0.9200000166893005,
    0.8399999737739563,
    0.6899999976158142,
    0.7099999785423279,
    0.9795918464660645,
    0.8299999833106995,
    0.7099999785423279,
    0.949999988079071,
    0.9599999785423279,
    0.9200000166893005,
    0.9200000166893005,
    0.8700000047683716,
    0.9300000071525574,
    0.8600000143051147,
    0.7200000286102295,
    0.8999999761581421,
    1.0,
    0.6899999976158142,
    0.9200000166893005,
    0.9900000095367432,
    0.8500000238418579,
    0.9200000166893005,
    0.7300000190734863,
    1.0,
    0.949999988079071,
    0.9700000286102295,
    0.8700000047683716,
    0.6700000166893005,
    1.0,
    0.8799999952316284,
    0.8700000047683716,
    0.9300000071525574,
    0.9300000071525574,
    0.8700000047683716,
    1.0,
    0.8500000238418579,
    0.9100000262260437,
    0.949999988079071,
    0.7599999904632568,
    0.9399999976158142,
    0.699999988079071,
    0.699999988079071,
    0.9100000262260437,
    0.8999999761581421,
    0.8100000023841858,
    0.8899999856948853,
    0.699999988079071,
    0.9700000286102295,
    1.0,
    0.8700000047683716,
    0.9300000071525574,
    0.7099999785423279,
    0.8399999737739563,
    0.9200000166893005,
    0.9700000286102295,
    1.0,
    0.9399999976158142,
    0.9200000166893005,
    0.8899999856948853,
    0.8700000047683716,
    0.8899999856948853,
    0.7099999785423279,
    0.8999999761581421,
    0.8899999856948853,
    0.9300000071525574,
    0.7551020383834839,
    0.9900000095367432,
    0.75,
    0.8500000238418579,
    0.9800000190734863,
    1.0,
    0.8100000023841858,
    0.9200000166893005,
    0.8500000238418579,
    0.8799999952316284,
    0.9200000166893005,
    1.0,
    0.8999999761581421,
    0.949999988079071
  ]
}