{
  "episodes": 100,
  "seed_base": 456,
  "cfg_overrides": {
    "scan_k_yawrate_pen": 0.002,
    "scan_k_slip_pen": 0.0
  },
  "success_count": 64,
  "crash_count": 0,
  "oob_touch_count": 0,
  "oob_touch_rate": 0.0,
  "oob_touch_episode_count": 0,
  "oob_touch_episode_rate": 0.0,
  "success_rate_mean": 0.6399999856948853,
  "success_rate_std": 0.48000001907348633,
  "steps_mean": 1211.9200439453125,
  "steps_std": 925.5563354492188,
  "mean_steps_success": 543.625,
  "std_steps_success": 312.9161376953125,
  "crash_rate_mean": 0.0,
  "crash_rate_std": 0.0,
  "yaw_rate_abs_mean": 0.22652608156204224,
  "yaw_rate_abs_p95": 0.5946974754333496,
  "dv_xy_mean": 0.22598841786384583,
  "coverage_mean": 0.8629428148269653,
  "coverage_min": 0.6800000071525574,
  "coverage_ge_090_rate": 0.46,
  "coverage_ge_093_rate": 0.37,
  "coverage_ge_095_rate": 0.29,
  "overlap_mean": 15.574941635131836,
  "time_to_95_mean": 1868.77001953125,
  "covered_cells_mean": 77.7699966430664,
  "total_cells_mean": 91.33000183105469,
  "coverage_episode": [
    0.699999988079071,
    0.8700000047683716,
    1.0,
    0.8299999833106995,
    0.9399999976158142,
    0.6800000071525574,
    0.8700000047683716,
    0.7099999785423279,
    1.0,
    0.8600000143051147,
    0.8899999856948853,
    0.949999988079071,
    1.0,
    0.9399999976158142,
    0.8700000047683716,
    0.6899999976158142,
    1.0,
    0.8299999833106995,
    0.8500000238418579,
    0.949999988079071,
    1.0,
    0.7300000190734863,
    0.9399999976158142,
    0.8299999833106995,
    1.0,
    0.7699999809265137,
    0.8199999928474426,
    0.7099999785423279,
    0.9700000286102295,
    0.7300000190734863,
    0.9900000095367432,
    0.8500000238418579,
    0.9399999976158142,
    0.9599999785423279,
    1.0,
    1.0,
    0.699999988079071,
    0.8299999833106995,
    0.800000011920929,
    0.9700000286102295,
    0.7699999809265137,
    0.699999988079071,
    0.8299999833106995,
    1.0,
    0.9200000166893005,
    0.699999988079071,
    0.9200000166893005,
    0.6899999976158142,
    0.6899999976158142,
    0.7200000286102295,
    0.8899999856948853,
    0.8600000143051147,
    0.9795918464660645,
    0.6899999976158142,
    0.8500000238418579,
    0.9599999785423279,
    0.9100000262260437,
    0.9100000262260437,
    0.7099999785423279,
    0.699999988079071,
    0.9599999785423279,
    0.918367326259613,
    0.9300000071525574,
    0.8600000143051147,
    0.7099999785423279,
    1.0,
    1.0,
    0.9399999976158142,
    0.9700000286102295,
    1.0,
    0.9700000286102295,
    0.8899999856948853,
    0.918367326259613,
    0.7699999809265137,
    0.8999999761581421,
    0.8899999856948853,
    0.8899999856948853,
    0.8399999737739563,
    0.8600000143051147,
    0.8600000143051147,
    0.9200000166893005,
    0.7200000286102295,
    0.9591836929321289,
    0.7200000286102295,
    0.7300000190734863,
    0.699999988079071,
    1.0,
    0.7099999785423279,
    0.8999999761581421,
    0.699999988079071,
    0.9599999785423279,
    0.6800000071525574,
    0.9300000071525574,
    0.949999988079071,
    0.699999988079071,
    0.9387755393981934,
    0.949999988079071,
    0.8600000143051147,
    0.9599999785423279,
    0.8600000143051147
  ]
}