{
  "episodes": 100,
  "seed_base": 456,
  "success_count": 98,
  "crash_count": 0,
  "oob_touch_count": 0,
  "oob_touch_rate": 0.0,
  "oob_touch_episode_count": 0,
  "oob_touch_episode_rate": 0.0,
  "success_rate_mean": 0.9800000190734863,
  "success_rate_std": 0.14000000059604645,
  "steps_mean": 182.52000427246094,
  "steps_std": 260.735107421875,
  "mean_steps_success": 145.42857360839844,
  "std_steps_success": 24.114099502563477,
  "crash_rate_mean": 0.0,
  "crash_rate_std": 0.0,
  "yaw_rate_abs_mean": 0.7375165820121765,
  "yaw_rate_abs_p95": 0.9999246597290039,
  "dv_xy_mean": 0.14720042049884796,
  "coverage_mean": 0.9469897747039795,
  "coverage_min": 0.8979591727256775,
  "overlap_mean": 1.6576160192489624,
  "time_to_95_mean": 950.9500122070312,
  "covered_cells_mean": 86.30999755859375,
  "total_cells_mean": 91.33000183105469
}